BUYER_COUNTY,BUYER_STATE,countyfips,avg_pills_per_person
ABBEVILLE,SC,45001,18.73
ACADIA,LA,22001,40.08
ACCOMACK,VA,51001,20.87
ADA,ID,16001,37.56
ADAIR,IA,19001,25.62
ADAIR,KY,21001,50.65
ADAIR,MO,29001,49.02
ADAIR,OK,40001,40.23
ADAMS,CO,08001,25.78
ADAMS,IA,19003,18.54
ADAMS,ID,16003,0.41
ADAMS,IL,17001,42.18
ADAMS,IN,18001,20.77
ADAMS,MS,28001,73.5
ADAMS,ND,38001,46.36
ADAMS,NE,31001,25.21
ADAMS,OH,39001,60.98
ADAMS,PA,42001,24.02
ADAMS,WA,53001,28.47
ADAMS,WI,55001,24.88
ADDISON,VT,50001,22.64
ADJUNTAS,PR,,NaN
AGUADA,PR,,NaN
AGUADILLA,PR,,NaN
AGUAS BUENAS,PR,,NaN
AIBONITO,PR,,NaN
AIKEN,SC,45003,34.73
AITKIN,MN,27001,32.02
ALACHUA,FL,12001,37.31
ALAMANCE,NC,37001,36.85
ALAMEDA,CA,06001,59.79
ALAMOSA,CO,08003,88.01
ALBANY,NY,36001,24.86
ALBANY,WY,56001,18.51
ALBEMARLE,VA,51003,25.39
ALCONA,MI,26001,26.99
ALCORN,MS,28003,86.95
ALEUTIANS EAST,AK,02013,0.07
ALEUTIANS WEST,AK,02016,4.96
ALEXANDER,IL,17003,16.99
ALEXANDER,NC,37003,38.95
ALEXANDRIA CITY,VA,51510,13.37
ALFALFA,OK,40003,15.45
ALGER,MI,26003,36.96
ALLAMAKEE,IA,19005,18.15
ALLEGAN,MI,26005,24.95
ALLEGANY,MD,24001,57.2
ALLEGANY,NY,36003,32.65
ALLEGHANY,NC,37005,39.04
ALLEGHANY,VA,51005,29.17
ALLEGHENY,PA,42003,39.55
ALLEN,IN,18003,29.5
ALLEN,KS,20001,55.78
ALLEN,KY,21003,69.09
ALLEN,LA,22003,48.02
ALLEN,OH,39003,30.8
ALLENDALE,SC,45005,24.66
ALPENA,MI,26007,49.95
ALPINE,CA,06003,1.13
AMADOR,CA,06005,67.69
AMELIA,VA,51007,18.05
AMHERST,VA,51009,24.87
AMITE,MS,28005,19.54
ANASCO,PR,,NaN
ANCHORAGE,AK,02020,31.36
ANDERSON,KS,20003,26.49
ANDERSON,KY,21005,55.37
ANDERSON,SC,45007,48.05
ANDERSON,TN,47001,82.11
ANDERSON,TX,48001,41.7
ANDREW,MO,29003,19.13
ANDREWS,TX,48003,24.79
ANDROSCOGGIN,ME,23001,46.7
ANGELINA,TX,48005,48.22
ANNE ARUNDEL,MD,24003,33.86
ANOKA,MN,27003,25.18
ANSON,NC,37007,31.6
ANTELOPE,NE,31003,9.39
ANTRIM,MI,26009,28.31
APACHE,AZ,04001,9.4
APPANOOSE,IA,19007,38.55
APPLING,GA,13001,43.86
APPOMATTOX,VA,51011,43.32
ARANSAS,TX,48007,44.49
ARAPAHOE,CO,08005,25.84
ARCHER,TX,48009,0.02
ARCHULETA,CO,08007,17.46
ARECIBO,PR,,NaN
ARENAC,MI,26011,48.92
ARKANSAS,AR,05001,52.28
ARLINGTON,VA,51013,8.95
ARMSTRONG,PA,42005,37.19
ARMSTRONG,TX,48011,8.6
AROOSTOOK,ME,23003,41.72
ARROYO,PR,,NaN
ASCENSION,LA,22005,49.25
ASHE,NC,37009,42.9
ASHLAND,OH,39005,21.46
ASHLAND,WI,55003,40.25
ASHLEY,AR,05003,38.24
ASHTABULA,OH,39007,40.49
ASOTIN,WA,53003,70.65
ASSUMPTION,LA,22007,11.41
ATASCOSA,TX,48013,48.05
ATCHISON,KS,20005,46.04
ATCHISON,MO,29005,26.37
ATHENS,OH,39009,47.39
ATKINSON,GA,13003,50.41
ATLANTIC,NJ,34001,38.57
ATOKA,OK,40005,42.78
ATTALA,MS,28007,34.61
AUDRAIN,MO,29007,27.16
AUDUBON,IA,19009,14.86
AUGLAIZE,OH,39011,24.73
AUGUSTA,VA,51015,20.66
AUSTIN,TX,48015,27.61
AUTAUGA,AL,01001,57.66
AVERY,NC,37011,57.5
AVOYELLES,LA,22009,46.08
BACA,CO,08009,20.74
BACON,GA,13005,102.88
BAILEY,TX,48017,20.24
BAKER,FL,12003,78.3
BAKER,GA,13007,0.34
BAKER,OR,41001,63.78
BALDWIN,AL,01003,56.67
BALDWIN,GA,13009,36.39
BALLARD,KY,21007,42.95
BALTIMORE,MD,24005,38.02
BALTIMORE CITY,MD,24510,30.66
BAMBERG,SC,45009,30.73
BANDERA,TX,48019,19.33
BANKS,GA,13011,28.72
BANNOCK,ID,16005,38.95
BARAGA,MI,26013,42.85
BARBER,KS,20007,35.77
BARBOUR,AL,01005,40.88
BARBOUR,WV,54001,50.28
BARCELONETA,PR,,NaN
BARNES,ND,38003,24.28
BARNSTABLE,MA,25001,33.65
BARNWELL,SC,45011,48.91
BARRANQUITAS,PR,,NaN
BARREN,KY,21009,74.62
BARRON,WI,55005,28.67
BARROW,GA,13013,46.52
BARRY,MI,26015,24.28
BARRY,MO,29009,62.99
BARTHOLOMEW,IN,18005,67.89
BARTON,KS,20009,45
BARTON,MO,29011,47.97
BARTOW,GA,13015,48.76
BASTROP,TX,48021,28.41
BATES,MO,29013,45.44
BATH,KY,21011,29.86
BATH,VA,51017,19.01
BAXTER,AR,05005,52.07
BAY,FL,12005,56.13
BAY,MI,26017,47.44
BAYAMON,PR,,NaN
BAYFIELD,WI,55007,4.2
BAYLOR,TX,48023,33.53
BEADLE,SD,46005,18.76
BEAR LAKE,ID,16007,48.33
BEAUFORT,NC,37013,46.87
BEAUFORT,SC,45013,22.53
BEAUREGARD,LA,22011,34.23
BEAVER,OK,40007,18.85
BEAVER,PA,42007,33.6
BEAVER,UT,49001,38.74
BEAVERHEAD,MT,30001,28.27
BECKER,MN,27005,20.48
BECKHAM,OK,40009,83.79
BEDFORD,PA,42009,31.63
BEDFORD,TN,47003,45.41
BEDFORD,VA,51019,17.51
BEE,TX,48025,26.65
BELKNAP,NH,33001,34.28
BELL,KY,21013,155.87
BELL,TX,48027,24.52
BELMONT,OH,39013,61.14
BELTRAMI,MN,27007,18.3
BEN HILL,GA,13017,52.05
BENEWAH,ID,16009,51.84
BENNETT,SD,46007,12.1
BENNINGTON,VT,50003,31.07
BENSON,ND,38005,1.28
BENT,CO,08011,25.84
BENTON,AR,05007,37.42
BENTON,IA,19011,13.97
BENTON,IN,18007,12.72
BENTON,MN,27009,18.6
BENTON,MO,29015,53.29
BENTON,MS,28009,19.84
BENTON,OR,41003,29.95
BENTON,TN,47005,94.78
BENTON,WA,53005,42.58
BENZIE,MI,26019,39.02
BERGEN,NJ,34003,18.89
BERKELEY,SC,45015,28.75
BERKELEY,WV,54003,44.75
BERKS,PA,42011,22.31
BERKSHIRE,MA,25003,35.48
BERNALILLO,NM,35001,44.44
BERRIEN,GA,13019,38.29
BERRIEN,MI,26021,40.16
BERTIE,NC,37015,24.53
BETHEL,AK,02050,0.22
BEXAR,TX,48029,28.34
BIBB,AL,01007,47.22
BIBB,GA,13021,69.75
BIENVILLE,LA,22013,20.98
BIG HORN,MT,30003,16.46
BIG HORN,WY,56003,45.89
BIG STONE,MN,27011,27.97
BINGHAM,ID,16011,25.41
BLACK HAWK,IA,19013,25.42
BLACKFORD,IN,18009,80.97
BLADEN,NC,37017,58.24
BLAINE,ID,16013,18.36
BLAINE,MT,30005,13.57
BLAINE,OK,40011,21.06
BLAIR,PA,42013,49.43
BLANCO,TX,48031,14.62
BLAND,VA,51021,37.78
BLECKLEY,GA,13023,50.23
BLEDSOE,TN,47007,49.2
BLOUNT,AL,01009,30.04
BLOUNT,TN,47009,54.03
BLUE EARTH,MN,27013,20.32
BOISE,ID,16015,0.21
BOLIVAR,MS,28011,19.32
BOLLINGER,MO,29017,29.89
BON HOMME,SD,46009,13.2
BOND,IL,17005,20.91
BONNER,ID,16017,42.94
BONNEVILLE,ID,16019,39.75
BOONE,AR,05009,52.01
BOONE,IA,19015,32.11
BOONE,IL,17007,23.05
BOONE,IN,18011,39.6
BOONE,KY,21015,64.55
BOONE,MO,29019,28.26
BOONE,NE,31011,30.06
BOONE,WV,54005,107.74
BOSQUE,TX,48035,22.2
BOSSIER,LA,22015,30.52
BOTETOURT,VA,51023,18.9
BOTTINEAU,ND,38009,10.23
BOULDER,CO,08013,25.54
BOUNDARY,ID,16021,47.87
BOURBON,KS,20011,47.41
BOURBON,KY,21017,50.36
BOWIE,TX,48037,53.45
BOWMAN,ND,38011,14.64
BOX BUTTE,NE,31013,27.05
BOX ELDER,UT,49003,38.48
BOYD,KY,21019,106.93
BOYD,NE,31015,16.83
BOYLE,KY,21021,81.67
BRACKEN,KY,21023,20.2
BRADFORD,FL,12007,55.52
BRADFORD,PA,42015,34.29
BRADLEY,AR,05011,32.22
BRADLEY,TN,47011,79.52
BRANCH,MI,26023,29.26
BRANTLEY,GA,13025,33.03
BRAXTON,WV,54007,57.26
BRAZORIA,TX,48039,32.09
BRAZOS,TX,48041,22.04
BREATHITT,KY,21025,107.19
BRECKINRIDGE,KY,21027,46.5
BREMER,IA,19017,33.7
BREVARD,FL,12009,48.68
BREWSTER,TX,48043,38.71
BRISTOL,MA,25005,35.19
BRISTOL,RI,44001,21.74
BRISTOL,VA,51520,104.36
BROADWATER,MT,30007,17.53
BRONX,NY,36005,13.96
BROOKE,WV,54009,55.67
BROOKINGS,SD,46011,13.97
BROOKS,GA,13027,59.34
BROOKS,TX,48047,24.54
BROOME,NY,36007,40.53
BROOMFIELD,CO,08014,40.49
BROWARD,FL,12011,46.66
BROWN,IL,17009,13.71
BROWN,IN,18013,24.29
BROWN,KS,20013,58.81
BROWN,MN,27015,19.76
BROWN,NE,31017,25.88
BROWN,OH,39015,47.94
BROWN,SD,46013,19.41
BROWN,TX,48049,66.24
BROWN,WI,55009,25.86
BRULE,SD,46015,20.53
BRUNSWICK,NC,37019,61.59
BRUNSWICK,VA,51025,6.52
BRYAN,GA,13029,46.87
BRYAN,OK,40013,61.72
BUCHANAN,IA,19019,11.61
BUCHANAN,MO,29021,62.7
BUCHANAN,VA,51027,89.4
BUCKINGHAM,VA,51029,26.98
BUCKS,PA,42017,38.01
BUENA VISTA,IA,19021,13.96
BUENA VISTA CITY,VA,51530,44.41
BUFFALO,NE,31019,17.29
BUFFALO,WI,55011,7.38
BULLITT,KY,21029,40.72
BULLOCH,GA,13031,26.79
BULLOCK,AL,01011,25.07
BUNCOMBE,NC,37021,45.28
BUREAU,IL,17011,14.83
BURKE,GA,13033,22.24
BURKE,NC,37023,68.16
BURLEIGH,ND,38015,27.95
BURLESON,TX,48051,20.32
BURLINGTON,NJ,34005,31.54
BURNET,TX,48053,43.43
BURNETT,WI,55013,30.06
BURT,NE,31021,17.38
BUTLER,AL,01013,51.93
BUTLER,IA,19023,10.79
BUTLER,KS,20015,48.53
BUTLER,KY,21031,83.69
BUTLER,MO,29023,99.65
BUTLER,NE,31023,12.08
BUTLER,OH,39017,62.05
BUTLER,PA,42019,31.26
BUTTE,CA,06007,82.63
BUTTE,ID,16023,43.57
BUTTE,SD,46019,12.05
BUTTS,GA,13035,42.53
CABARRUS,NC,37025,42.21
CABELL,WV,54011,97.72
CABO ROJO,PR,,NaN
CACHE,UT,49005,24.11
CADDO,LA,22017,41.74
CADDO,OK,40015,51.06
CAGUAS,PR,,NaN
CALAVERAS,CA,06009,59.87
CALCASIEU,LA,22019,42.45
CALDWELL,KY,21033,88.32
CALDWELL,LA,22021,50.44
CALDWELL,MO,29025,11.92
CALDWELL,NC,37027,62.24
CALDWELL,TX,48055,17.34
CALEDONIA,VT,50005,27.17
CALHOUN,AL,01015,61.87
CALHOUN,AR,05013,39.56
CALHOUN,FL,12013,26.21
CALHOUN,GA,13037,13.9
CALHOUN,IA,19025,16.82
CALHOUN,IL,17013,25.46
CALHOUN,MI,26025,53.84
CALHOUN,MS,28013,31.95
CALHOUN,SC,45017,12.01
CALHOUN,TX,48057,48.47
CALHOUN,WV,54013,21.97
CALLAHAN,TX,48059,10.79
CALLAWAY,MO,29027,22.06
CALLOWAY,KY,21035,56.98
CALUMET,WI,55015,7.47
CALVERT,MD,24009,44.08
CAMBRIA,PA,42021,61.54
CAMDEN,GA,13039,45.76
CAMDEN,MO,29029,51.02
CAMDEN,NJ,34007,42.25
CAMERON,LA,22023,0.46
CAMERON,PA,42023,54.7
CAMERON,TX,48061,12.15
CAMP,TX,48063,33.1
CAMPBELL,KY,21037,55.12
CAMPBELL,TN,47013,95.98
CAMPBELL,VA,51031,15.65
CAMPBELL,WY,56005,35.55
CAMUY,PR,,NaN
CANADIAN,OK,40017,44.49
CANDLER,GA,13043,41.83
CANNON,TN,47015,74.59
CANOVANAS,PR,,NaN
CANYON,ID,16027,31.25
CAPE GIRARDEAU,MO,29031,54.85
CAPE MAY,NJ,34009,39.92
CARBON,MT,30009,9.82
CARBON,PA,42025,44.31
CARBON,UT,49007,105.03
CARBON,WY,56007,28.28
CARIBOU,ID,16029,36.71
CARLISLE,KY,21039,41.12
CARLTON,MN,27017,40.9
CAROLINA,PR,,NaN
CAROLINE,MD,24011,24.18
CAROLINE,VA,51033,11.14
CARROLL,AR,05015,62.31
CARROLL,GA,13045,63.87
CARROLL,IA,19027,30.16
CARROLL,IL,17015,14.13
CARROLL,IN,18015,18.51
CARROLL,KY,21041,76.61
CARROLL,MD,24013,30.62
CARROLL,MO,29033,42.47
CARROLL,MS,28015,4.51
CARROLL,NH,33003,33.22
CARROLL,OH,39019,18.69
CARROLL,TN,47017,99.79
CARROLL,VA,51035,21.1
CARSON,TX,48065,10.09
CARSON CITY,NV,32510,64.8
CARTER,KY,21043,49.65
CARTER,MO,29035,26.55
CARTER,MT,30011,0.08
CARTER,OK,40019,66.5
CARTER,TN,47019,55.59
CARTERET,NC,37031,55.62
CARVER,MN,27019,16.8
CASCADE,MT,30013,43.18
CASEY,KY,21045,35.66
CASS,IA,19029,29.47
CASS,IL,17017,14.17
CASS,IN,18017,30.73
CASS,MI,26027,15.73
CASS,MN,27021,14.53
CASS,MO,29037,38.75
CASS,ND,38017,17.72
CASS,NE,31025,12.07
CASS,TX,48067,54.86
CASSIA,ID,16031,53.47
CASTRO,TX,48069,16.37
CASWELL,NC,37033,16.06
CATAHOULA,LA,22025,46.07
CATANO,PR,,NaN
CATAWBA,NC,37035,62.71
CATOOSA,GA,13047,58.1
CATRON,NM,35003,0.09
CATTARAUGUS,NY,36009,41.56
CAVALIER,ND,38019,8.77
CAYEY,PR,,NaN
CAYUGA,NY,36011,25
CECIL,MD,24015,51.61
CEDAR,IA,19031,9.36
CEDAR,MO,29039,44.74
CEDAR,NE,31027,6.94
CEIBA,PR,,NaN
CENTRE,PA,42027,19.36
CERRO GORDO,IA,19033,41.18
CHAFFEE,CO,08015,45.62
CHAMBERS,AL,01017,55.76
CHAMBERS,TX,48071,11.8
CHAMPAIGN,IL,17019,21.91
CHAMPAIGN,OH,39021,28.55
CHARITON,MO,29041,16.55
CHARLES,MD,24017,34.73
CHARLES MIX,SD,46023,11.53
CHARLESTON,SC,45019,246.55
CHARLEVOIX,MI,26029,36.91
CHARLOTTE,FL,12015,52.18
CHARLOTTE,VA,51037,24.44
CHARLOTTESVILLE CITY,VA,51540,38.64
CHARLTON,GA,13049,35.21
CHASE,NE,31029,24.56
CHATHAM,GA,13051,32.98
CHATHAM,NC,37037,21.95
CHATTOOGA,GA,13055,63.41
CHAUTAUQUA,KS,20019,31.38
CHAUTAUQUA,NY,36013,45.42
CHAVES,NM,35005,39.99
CHEATHAM,TN,47021,43.14
CHEBOYGAN,MI,26031,51.57
CHELAN,WA,53007,42.8
CHEMUNG,NY,36015,35.93
CHENANGO,NY,36017,32.01
CHEROKEE,AL,01019,68.29
CHEROKEE,GA,13057,29.3
CHEROKEE,IA,19035,15.75
CHEROKEE,KS,20021,35.65
CHEROKEE,NC,37039,76.64
CHEROKEE,OK,40021,55.86
CHEROKEE,SC,45021,66.88
CHEROKEE,TX,48073,33.78
CHERRY,NE,31031,32.89
CHESAPEAKE CITY,VA,51550,24.06
CHESHIRE,NH,33005,27.55
CHESTER,PA,42029,21.97
CHESTER,SC,45023,32.42
CHESTER,TN,47023,39.93
CHESTERFIELD,SC,45025,54.52
CHESTERFIELD,VA,51041,28.88
CHEYENNE,CO,08017,22.3
CHEYENNE,KS,20023,42.94
CHEYENNE,NE,31033,36.85
CHICKASAW,IA,19037,11.78
CHICKASAW,MS,28017,53.04
CHICOT,AR,05017,57.47
CHILDRESS,TX,48075,74.24
CHILTON,AL,01021,48.05
CHIPPEWA,MI,26033,38.31
CHIPPEWA,MN,27023,15.06
CHIPPEWA,WI,55017,25.12
CHISAGO,MN,27025,17.88
CHITTENDEN,VT,50007,32.51
CHOCTAW,AL,01023,53.89
CHOCTAW,MS,28019,27.22
CHOCTAW,OK,40023,73.18
CHOUTEAU,MT,30015,20.25
CHOWAN,NC,37041,25.01
CHRISTIAN,IL,17021,36.13
CHRISTIAN,KY,21047,41.71
CHRISTIAN,MO,29043,39.79
CHURCHILL,NV,32001,54.05
CIALES,PR,,NaN
CIBOLA,NM,35006,16.25
CIDRA,PR,,NaN
CIMARRON,OK,40025,20.68
CITRUS,FL,12017,52.93
CLACKAMAS,OR,41005,54.53
CLAIBORNE,LA,22027,45.62
CLAIBORNE,MS,28021,19.56
CLAIBORNE,TN,47025,113.58
CLALLAM,WA,53009,76.57
CLARE,MI,26035,65.86
CLARENDON,SC,45027,42.31
CLARION,PA,42031,26.82
CLARK,AR,05019,46.39
CLARK,IL,17023,38.85
CLARK,IN,18019,74.12
CLARK,KS,20025,65.71
CLARK,KY,21049,72.4
CLARK,MO,29045,32.12
CLARK,NV,32003,56.41
CLARK,OH,39023,45.57
CLARK,SD,46025,6.56
CLARK,WA,53011,41.15
CLARK,WI,55019,10.5
CLARKE,AL,01025,48.32
CLARKE,GA,13059,49.4
CLARKE,IA,19039,38.69
CLARKE,MS,28023,47.11
CLARKE,VA,51043,7.93
CLATSOP,OR,41007,69.58
CLAY,AL,01027,47.05
CLAY,AR,05021,40.34
CLAY,FL,12019,53.77
CLAY,GA,13061,34.87
CLAY,IA,19041,22.92
CLAY,IL,17025,24.77
CLAY,IN,18021,45.29
CLAY,KS,20027,44.96
CLAY,KY,21051,133.94
CLAY,MN,27027,18.31
CLAY,MO,29047,38.9
CLAY,MS,28025,40.09
CLAY,NC,37043,51.23
CLAY,NE,31035,3.74
CLAY,SD,46027,11.9
CLAY,TN,47027,105.53
CLAY,TX,48077,18.13
CLAY,WV,54015,34.63
CLAYTON,GA,13063,20.21
CLAYTON,IA,19043,14.03
CLEAR CREEK,CO,08019,24.01
CLEARFIELD,PA,42033,34.2
CLEARWATER,ID,16035,50.74
CLEARWATER,MN,27029,23.49
CLEBURNE,AL,01029,22.63
CLEBURNE,AR,05023,43.01
CLERMONT,OH,39025,48.85
CLEVELAND,AR,05025,2.16
CLEVELAND,NC,37045,55.44
CLEVELAND,OK,40027,40.96
CLINCH,GA,13065,72.72
CLINTON,IA,19045,29.01
CLINTON,IL,17027,12.97
CLINTON,IN,18023,45.77
CLINTON,KY,21053,146.53
CLINTON,MI,26037,29.94
CLINTON,MO,29049,41.08
CLINTON,NY,36019,36.9
CLINTON,OH,39027,58.13
CLINTON,PA,42035,38.03
CLOUD,KS,20029,46.16
COAHOMA,MS,28027,41.23
COAL,OK,40029,22.25
COAMO,PR,,NaN
COBB,GA,13067,27.43
COCHISE,AZ,04003,41.7
COCHRAN,TX,48079,5.68
COCKE,TN,47029,95.84
COCONINO,AZ,04005,25.57
CODINGTON,SD,46029,26.24
COFFEE,AL,01031,47.16
COFFEE,GA,13069,85.74
COFFEE,TN,47031,81.62
COFFEY,KS,20031,52.83
COLBERT,AL,01033,85.21
COLE,MO,29051,37.42
COLEMAN,TX,48083,15.89
COLES,IL,17029,31.79
COLFAX,NE,31037,5.08
COLFAX,NM,35007,46.34
COLLETON,SC,45029,46.4
COLLIER,FL,12021,31.57
COLLIN,TX,48085,24.06
COLONIAL HEIGHTS CITY,VA,51570,92.96
COLORADO,TX,48089,19.33
COLQUITT,GA,13071,28.88
COLUMBIA,AR,05027,36.65
COLUMBIA,FL,12023,58.56
COLUMBIA,GA,13073,31.58
COLUMBIA,NY,36021,31.58
COLUMBIA,OR,41009,45.36
COLUMBIA,PA,42037,30.36
COLUMBIA,WA,53013,41.47
COLUMBIA,WI,55021,50.53
COLUMBIANA,OH,39029,36.98
COLUMBUS,NC,37047,113.43
COLUSA,CA,06011,37.18
COMAL,TX,48091,33.63
COMANCHE,KS,20033,69.82
COMANCHE,OK,40031,39.87
COMANCHE,TX,48093,33.4
COMERIO,PR,,NaN
CONCHO,TX,48095,5.88
CONCORDIA,LA,22029,36.43
CONECUH,AL,01035,67.43
CONEJOS,CO,08021,34.28
CONTRA COSTA,CA,06013,31.83
CONVERSE,WY,56009,30.95
CONWAY,AR,05029,49.09
COOK,GA,13075,36.62
COOK,IL,17031,15.61
COOK,MN,27031,33.21
COOKE,TX,48097,43.25
COOPER,MO,29053,23.39
COOS,NH,33007,35.37
COOS,OR,41011,71.36
COOSA,AL,01037,16.11
COPIAH,MS,28029,30.33
COROZAL,PR,,NaN
CORSON,SD,46031,0.01
CORTLAND,NY,36023,32.06
CORYELL,TX,48099,21.53
COSHOCTON,OH,39031,28.58
COTTON,OK,40033,23.07
COTTONWOOD,MN,27033,18.37
COVINGTON,AL,01039,68.81
COVINGTON,MS,28031,42.16
COVINGTON CITY,VA,51580,107.31
COWETA,GA,13077,30.6
COWLEY,KS,20035,45.68
COWLITZ,WA,53015,65.1
CRAIG,OK,40035,39.45
CRAIG,VA,51045,30.16
CRAIGHEAD,AR,05031,52.34
CRANE,TX,48103,23.72
CRAVEN,NC,37049,52.46
CRAWFORD,AR,05033,62.06
CRAWFORD,GA,13079,10.66
CRAWFORD,IA,19047,17.87
CRAWFORD,IL,17033,40.22
CRAWFORD,IN,18025,32.53
CRAWFORD,KS,20037,45.23
CRAWFORD,MI,26039,67.48
CRAWFORD,MO,29055,43.85
CRAWFORD,OH,39033,38.21
CRAWFORD,PA,42039,40.23
CRAWFORD,WI,55023,32.4
CREEK,OK,40037,58.64
CRENSHAW,AL,01041,35.03
CRISP,GA,13081,44.99
CRITTENDEN,AR,05035,38.26
CRITTENDEN,KY,21055,119.01
CROCKETT,TN,47033,32.02
CROCKETT,TX,48105,13.55
CROOK,OR,41013,44.71
CROOK,WY,56011,5.33
CROSBY,TX,48107,22.2
CROSS,AR,05037,29.67
CROW WING,MN,27035,29.58
CROWLEY,CO,08025,30.57
CULBERSON,TX,48109,0.27
CULLMAN,AL,01043,61.93
CULPEPER,VA,51047,31.56
CUMBERLAND,IL,17035,14.2
CUMBERLAND,KY,21057,84.93
CUMBERLAND,ME,23005,38.92
CUMBERLAND,NC,37051,35.35
CUMBERLAND,NJ,34011,38.38
CUMBERLAND,PA,42041,34.28
CUMBERLAND,TN,47035,70.93
CUMBERLAND,VA,51049,9.28
CUMING,NE,31039,14.48
CURRITUCK,NC,37053,15.41
CURRY,NM,35009,32.12
CURRY,OR,41015,83.63
CUSTER,CO,08027,0.2
CUSTER,ID,16037,14.33
CUSTER,MT,30017,43.61
CUSTER,NE,31041,25.95
CUSTER,OK,40039,49.66
CUSTER,SD,46033,21.16
CUYAHOGA,OH,39035,29.52
DADE,GA,13083,49.6
DADE,MO,29057,40.64
DAKOTA,MN,27037,19.7
DAKOTA,NE,31043,18.22
DALE,AL,01045,36.7
DALLAM,TX,48111,29.01
DALLAS,AL,01047,32.51
DALLAS,AR,05039,35.24
DALLAS,IA,19049,13.13
DALLAS,MO,29059,33.59
DALLAS,TX,48113,28.23
DANE,WI,55025,33.2
DANIELS,MT,30019,19.32
DANVILLE CITY,VA,51590,66.23
DARE,NC,37055,54.03
DARKE,OH,39037,20.7
DARLINGTON,SC,45031,84.42
DAUPHIN,PA,42043,32.72
DAVIDSON,NC,37057,40.7
DAVIDSON,TN,47037,48.95
DAVIE,NC,37059,42.69
DAVIESS,IN,18027,66.05
DAVIESS,KY,21059,57.33
DAVIESS,MO,29061,13.03
DAVIS,IA,19051,12.39
DAVIS,UT,49011,32.09
DAVISON,SD,46035,25.91
DAWES,NE,31045,27.17
DAWSON,GA,13085,53.7
DAWSON,MT,30021,35.31
DAWSON,NE,31047,16.88
DAWSON,TX,48115,20.77
DAY,SD,46037,17.78
DE BACA,NM,35011,50.21
DE KALB,AL,01049,49.35
DE KALB,IN,18033,26.78
DE SOTO,FL,12027,26.32
DE SOTO,LA,22031,20.07
DE WITT,TX,48123,43.63
DEAF SMITH,TX,48117,21.88
DEARBORN,IN,18029,60.81
DECATUR,GA,13087,39.32
DECATUR,IA,19053,26.49
DECATUR,IN,18031,44.01
DECATUR,KS,20039,31.21
DECATUR,TN,47039,136.5
DEER LODGE,MT,30023,36.64
DEFIANCE,OH,39039,28.75
DEKALB,GA,13089,15.83
DEKALB,IL,17037,17.55
DEKALB,MO,29063,8.34
DEKALB,TN,47041,97.26
DEL NORTE,CA,06015,80.34
DELAWARE,IA,19055,11.13
DELAWARE,IN,18035,67.42
DELAWARE,NY,36025,37
DELAWARE,OH,39041,36.2
DELAWARE,OK,40041,32.73
DELAWARE,PA,42045,42.15
DELTA,CO,08029,46.06
DELTA,MI,26041,45.96
DELTA,TX,48119,18.69
DENALI,AK,02068,1.27
DENT,MO,29065,60.75
DENTON,TX,48121,27.19
DENVER,CO,08031,18.84
DES MOINES,IA,19057,38.4
DESCHUTES,OR,41017,43.38
DESHA,AR,05041,37.85
DESOTO,MS,28033,35.3
DEUEL,NE,31049,17.27
DEUEL,SD,46039,9.74
DEWEY,OK,40043,35.66
DEWEY,SD,46041,0.75
DEWITT,IL,17039,23.56
DICKENS,TX,48125,21.24
DICKENSON,VA,51051,121.61
DICKEY,ND,38021,15.3
DICKINSON,IA,19059,22.21
DICKINSON,KS,20041,25.52
DICKINSON,MI,26043,57.64
DICKSON,TN,47043,58.17
DILLON,SC,45033,55.85
DIMMIT,TX,48127,34.03
DINWIDDIE,VA,51053,4.19
DISTRICT OF COLUMBIA,DC,11001,14.18
DIVIDE,ND,38023,18.5
DIXIE,FL,12029,18.43
DIXON,NE,31051,3.35
DODDRIDGE,WV,54017,17.38
DODGE,GA,13091,53.72
DODGE,MN,27039,4.86
DODGE,NE,31053,36.83
DODGE,WI,55027,23.16
DONA ANA,NM,35013,24.76
DONLEY,TX,48129,26.26
DOOLY,GA,13093,8.82
DOOR,WI,55029,29.64
DORADO,PR,,NaN
DORCHESTER,MD,24019,26.46
DORCHESTER,SC,45035,39.04
DOUGHERTY,GA,13095,29.73
DOUGLAS,CO,08035,20.39
DOUGLAS,GA,13097,41.04
DOUGLAS,IL,17041,20.1
DOUGLAS,KS,20045,26.9
DOUGLAS,MN,27041,27.7
DOUGLAS,MO,29067,35.74
DOUGLAS,NE,31055,27.78
DOUGLAS,NV,32005,51.49
DOUGLAS,OR,41019,62.03
DOUGLAS,SD,46043,16.16
DOUGLAS,WA,53017,29.93
DOUGLAS,WI,55031,43.34
DREW,AR,05043,34.01
DUBOIS,IN,18037,51.14
DUBUQUE,IA,19061,23.16
DUCHESNE,UT,49013,40.49
DUKES,MA,25007,38.52
DUNDY,NE,31057,39.78
DUNKLIN,MO,29069,85.56
DUNN,ND,38025,8.54
DUNN,WI,55033,17.14
DUPAGE,IL,17043,19.43
DUPLIN,NC,37061,33.2
DURHAM,NC,37063,28.09
DUTCHESS,NY,36027,28.96
DUVAL,FL,12031,50.48
DUVAL,TX,48131,6.95
DYER,TN,47045,71.11
EAGLE,CO,08037,26.04
EARLY,GA,13099,22.19
EAST BATON ROUGE,LA,22033,45.77
EAST CARROLL,LA,22035,19.73
EAST FELICIANA,LA,22037,20.46
EASTLAND,TX,48133,54.12
EATON,MI,26045,39.49
EAU CLAIRE,WI,55035,28.11
ECTOR,TX,48135,42.86
EDDY,ND,38027,17.11
EDDY,NM,35015,46.03
EDGAR,IL,17045,31.08
EDGECOMBE,NC,37065,24.14
EDGEFIELD,SC,45037,8.78
EDMONSON,KY,21061,35.46
EDMUNDS,SD,46045,8.88
EDWARDS,IL,17047,31.41
EDWARDS,KS,20047,14.6
EDWARDS,TX,48137,1.43
EFFINGHAM,GA,13103,27.07
EFFINGHAM,IL,17049,38.33
EL DORADO,CA,06017,43.68
EL PASO,CO,08041,29.97
EL PASO,TX,48141,15.99
ELBERT,CO,08039,12.31
ELBERT,GA,13105,63.21
ELK,KS,20049,35.88
ELK,PA,42047,34.75
ELKHART,IN,18039,30.19
ELKO,NV,32007,36.21
ELLIOTT,KY,21063,35.6
ELLIS,KS,20051,39.25
ELLIS,OK,40045,27.98
ELLIS,TX,48139,29.7
ELLSWORTH,KS,20053,29.24
ELMORE,AL,01051,42.03
ELMORE,ID,16039,23.13
EMANUEL,GA,13107,48.46
EMERY,UT,49015,64.94
EMMET,IA,19063,13.26
EMMET,MI,26047,46.59
EMMONS,ND,38029,16.08
ERATH,TX,48143,35.11
ERIE,NY,36029,48.54
ERIE,OH,39043,41.34
ERIE,PA,42049,39.01
ESCAMBIA,AL,01053,59.65
ESCAMBIA,FL,12033,51.78
ESSEX,MA,25009,33.17
ESSEX,NJ,34013,17.14
ESSEX,NY,36031,23.46
ESSEX,VA,51057,36.63
ESSEX,VT,50009,1.57
ESTILL,KY,21065,62.99
ETOWAH,AL,01055,75.76
EUREKA,NV,32011,0.06
EVANGELINE,LA,22039,70.62
EVANS,GA,13109,70.74
FAIRBANKS NORTH STAR,AK,02090,25.32
FAIRFAX,VA,51059,14.19
FAIRFAX CITY,VA,51600,34.05
FAIRFIELD,CT,09001,21.03
FAIRFIELD,OH,39045,41.49
FAIRFIELD,SC,45039,23.83
FAJARDO,PR,,NaN
FALL RIVER,SD,46047,32.23
FALLON,MT,30025,33.57
FALLS,TX,48145,33.24
FALLS CHURCH CITY,VA,51610,68.48
FANNIN,GA,13111,66.94
FANNIN,TX,48147,32.94
FARIBAULT,MN,27043,14.6
FAULK,SD,46049,17.54
FAULKNER,AR,05045,32.03
FAUQUIER,VA,51061,39.12
FAYETTE,AL,01057,40.18
FAYETTE,GA,13113,28.97
FAYETTE,IA,19065,26.53
FAYETTE,IL,17051,24.06
FAYETTE,IN,18041,99.03
FAYETTE,KY,21067,40.11
FAYETTE,OH,39047,52.35
FAYETTE,PA,42051,59.75
FAYETTE,TN,47047,26.24
FAYETTE,TX,48149,32.89
FAYETTE,WV,54019,62.02
FENTRESS,TN,47049,131.96
FERGUS,MT,30027,28.45
FERRY,WA,53019,39.3
FILLMORE,MN,27045,10.36
FILLMORE,NE,31059,19.19
FINNEY,KS,20055,23.61
FISHER,TX,48151,22.41
FLAGLER,FL,12035,40.11
FLATHEAD,MT,30029,51.58
FLEMING,KY,21069,46.86
FLORENCE,SC,45041,64.14
FLORIDA,PR,,NaN
FLOYD,GA,13115,75.32
FLOYD,IA,19067,16.73
FLOYD,IN,18043,91.49
FLOYD,KY,21071,168.51
FLOYD,TX,48153,16.55
FLOYD,VA,51063,26.82
FLUVANNA,VA,51065,16.48
FOARD,TX,48155,18.9
FOND DU LAC,WI,55039,26.35
FORD,IL,17053,30.58
FORD,KS,20057,28.91
FOREST,PA,42053,19.52
FOREST,WI,55041,26.94
FORREST,MS,28035,86.85
FORSYTH,GA,13117,23.66
FORSYTH,NC,37067,38.62
FORT BEND,TX,48157,27.44
FOSTER,ND,38031,30.43
FOUNTAIN,IN,18045,63.49
FRANKLIN,AL,01059,90.36
FRANKLIN,AR,05047,52.2
FRANKLIN,FL,12037,32.12
FRANKLIN,GA,13119,102.27
FRANKLIN,IA,19069,19.86
FRANKLIN,ID,16041,26.24
FRANKLIN,IL,17055,66.59
FRANKLIN,IN,18047,27.95
FRANKLIN,KS,20059,40.83
FRANKLIN,KY,21073,48.05
FRANKLIN,LA,22041,29.55
FRANKLIN,MA,25011,26.57
FRANKLIN,ME,23007,42.3
FRANKLIN,MO,29071,47.39
FRANKLIN,MS,28037,42.65
FRANKLIN,NC,37069,26.66
FRANKLIN,NE,31061,37.85
FRANKLIN,NY,36033,28.88
FRANKLIN,OH,39049,52.07
FRANKLIN,PA,42055,26.42
FRANKLIN,TN,47051,63.74
FRANKLIN,TX,48159,31.1
FRANKLIN,VA,51067,41.31
FRANKLIN,VT,50011,33.44
FRANKLIN,WA,53021,27.2
FRANKLIN CITY,VA,51620,68.03
FREDERICK,MD,24021,29.99
FREDERICK,VA,51069,22.07
FREDERICKSBURG CITY,VA,51630,75.27
FREEBORN,MN,27047,20.86
FREESTONE,TX,48161,22.45
FREMONT,CO,08043,41.94
FREMONT,IA,19071,19.01
FREMONT,ID,16043,13.14
FREMONT,WY,56013,28.86
FRESNO,CA,06019,34.2
FRIO,TX,48163,18.9
FULTON,AR,05049,63.74
FULTON,GA,13121,20.95
FULTON,IL,17057,27.76
FULTON,IN,18049,50.37
FULTON,KY,21075,99.85
FULTON,NY,36035,32.3
FULTON,OH,39051,27.58
FULTON,PA,42057,17.02
FURNAS,NE,31065,29.46
GADSDEN,FL,12039,20.51
GAGE,NE,31067,29.66
GAINES,TX,48165,24.89
GALAX CITY,VA,51640,146.6
GALLATIN,IL,17059,18.58
GALLATIN,KY,21077,36.58
GALLATIN,MT,30031,21.57
GALLIA,OH,39053,88.13
GALVESTON,TX,48167,40.8
GARDEN,NE,31069,21.77
GARFIELD,CO,08045,34.83
GARFIELD,MT,30033,3.49
GARFIELD,NE,31071,36.15
GARFIELD,OK,40047,40.15
GARFIELD,UT,49017,36.41
GARFIELD,WA,53023,61.64
GARLAND,AR,05051,65.53
GARRARD,KY,21079,36.15
GARRETT,MD,24023,33.39
GARVIN,OK,40049,59.65
GARZA,TX,48169,16.28
GASCONADE,MO,29073,41.17
GASTON,NC,37071,56.45
GATES,NC,37073,12.51
GEARY,KS,20061,31.59
GEAUGA,OH,39055,22.35
GEM,ID,16045,36.66
GENESEE,MI,26049,49.3
GENESEE,NY,36037,34.68
GENEVA,AL,01061,42.05
GENTRY,MO,29075,27.29
GEORGE,MS,28039,67.71
GEORGETOWN,SC,45043,50.47
GIBSON,IN,18051,50.79
GIBSON,TN,47053,51.97
GILA,AZ,04007,56.77
GILCHRIST,FL,12041,29.99
GILES,TN,47055,63.95
GILES,VA,51071,84.27
GILLESPIE,TX,48171,32.14
GILLIAM,OR,41021,30.56
GILMER,GA,13123,55.79
GILMER,WV,54021,35.98
GILPIN,CO,08047,8.56
GLACIER,MT,30035,25.98
GLADES,FL,12043,10.13
GLADWIN,MI,26051,60.77
GLASCOCK,GA,13125,0.1
GLENN,CA,06021,55.36
GLOUCESTER,NJ,34015,42.38
GLOUCESTER,VA,51073,37.62
GLYNN,GA,13127,47.39
GOGEBIC,MI,26053,35.83
GOLDEN VALLEY,ND,38033,15.91
GOLIAD,TX,48175,13.16
GONZALES,TX,48177,21.38
GOOCHLAND,VA,51075,14.63
GOODHUE,MN,27049,22.11
GOODING,ID,16047,28.24
GORDON,GA,13129,42.66
GOSHEN,WY,56015,24.95
GOVE,KS,20063,25.12
GRADY,GA,13131,24.78
GRADY,OK,40051,36.38
GRAFTON,NH,33009,38.5
GRAHAM,AZ,04009,58.27
GRAHAM,KS,20065,39.17
GRAHAM,NC,37075,52.39
GRAINGER,TN,47057,51.91
GRAND,CO,08049,26.06
GRAND,UT,49019,47.58
GRAND FORKS,ND,38035,22.72
GRAND ISLE,VT,50013,7.81
GRAND TRAVERSE,MI,26055,48.73
GRANITE,MT,30039,7.51
GRANT,AR,05053,31.75
GRANT,IN,18053,59.98
GRANT,KS,20067,21.81
GRANT,KY,21081,93.85
GRANT,LA,22043,14.33
GRANT,MN,27051,16.42
GRANT,ND,38037,14.56
GRANT,NE,31075,0.46
GRANT,NM,35017,50.77
GRANT,OK,40053,5.48
GRANT,OR,41023,43.52
GRANT,SD,46051,15.87
GRANT,WA,53025,42.07
GRANT,WI,55043,18.2
GRANT,WV,54023,36.11
GRANVILLE,NC,37077,35.86
GRATIOT,MI,26057,29.48
GRAVES,KY,21083,54.24
GRAY,KS,20069,15.99
GRAY,TX,48179,37.85
GRAYS HARBOR,WA,53027,53.26
GRAYSON,KY,21085,75.97
GRAYSON,TX,48181,61.79
GRAYSON,VA,51077,10.65
GREELEY,KS,20071,58.39
GREELEY,NE,31077,4.66
GREEN,KY,21087,38.69
GREEN,WI,55045,25.84
GREEN LAKE,WI,55047,30.89
GREENBRIER,WV,54025,91.14
GREENE,AL,01063,13.86
GREENE,AR,05055,64.35
GREENE,GA,13133,52.3
GREENE,IA,19073,28.5
GREENE,IL,17061,40.75
GREENE,IN,18055,44.66
GREENE,MO,29077,54.41
GREENE,MS,28041,20.06
GREENE,NC,37079,16.59
GREENE,NY,36039,40.05
GREENE,OH,39057,35.87
GREENE,PA,42059,35.19
GREENE,TN,47059,64.42
GREENE,VA,51079,15.29
GREENLEE,AZ,04011,11.49
GREENSVILLE,VA,51081,43.52
GREENUP,KY,21089,61.05
GREENVILLE,SC,45045,56.04
GREENWOOD,KS,20073,44.01
GREENWOOD,SC,45047,43.69
GREER,OK,40055,71.18
GREGG,TX,48183,68.5
GREGORY,SD,46053,28.05
GRENADA,MS,28043,47.03
GRIGGS,ND,38039,10.11
GRIMES,TX,48185,11.27
GRUNDY,IA,19075,28.49
GRUNDY,IL,17063,27.92
GRUNDY,MO,29079,41.03
GRUNDY,TN,47061,134.82
GUADALUPE,NM,35019,21.35
GUADALUPE,TX,48187,23.49
GUAM,GU,,NaN
GUANICA,PR,,NaN
GUAYAMA,PR,,NaN
GUAYANILLA,PR,,NaN
GUAYNABO,PR,,NaN
GUERNSEY,OH,39059,58.43
GUILFORD,NC,37081,33.72
GULF,FL,12045,37.4
GUNNISON,CO,08051,19.77
GURABO,PR,,NaN
GUTHRIE,IA,19077,23
GWINNETT,GA,13135,20.84
HAAKON,SD,46055,26.15
HABERSHAM,GA,13137,43.54
HAINES,AK,02100,25.2
HALE,AL,01065,26.84
HALE,TX,48189,22.12
HALIFAX,NC,37083,35.86
HALIFAX,VA,51083,31.67
HALL,GA,13139,38.15
HALL,NE,31079,29.14
HALL,TX,48191,26.83
HAMBLEN,TN,47063,138.23
HAMILTON,FL,12047,18.24
HAMILTON,IA,19079,22.77
HAMILTON,IL,17065,22.98
HAMILTON,IN,18057,30.35
HAMILTON,KS,20075,20.5
HAMILTON,NE,31081,11.24
HAMILTON,NY,36041,0.4
HAMILTON,OH,39061,44.89
HAMILTON,TN,47065,61.45
HAMILTON,TX,48193,60.13
HAMPDEN,MA,25013,37.51
HAMPSHIRE,MA,25015,31.27
HAMPSHIRE,WV,54027,32.2
HAMPTON,SC,45049,35.44
HAMPTON CITY,VA,51650,26.54
HANCOCK,GA,13141,13.53
HANCOCK,IA,19081,12.55
HANCOCK,IL,17067,14.48
HANCOCK,IN,18059,39.26
HANCOCK,KY,21091,14.98
HANCOCK,ME,23009,41.62
HANCOCK,MS,28045,41.53
HANCOCK,OH,39063,27.93
HANCOCK,TN,47067,56.38
HANCOCK,WV,54029,91.46
HAND,SD,46059,16.16
HANOVER,VA,51085,35.6
HANSFORD,TX,48195,10.41
HARALSON,GA,13143,111.67
HARDEE,FL,12049,20.07
HARDEMAN,TN,47069,33.99
HARDEMAN,TX,48197,22
HARDIN,IA,19083,27.33
HARDIN,IL,17069,90.48
HARDIN,KY,21093,37.21
HARDIN,OH,39065,34.39
HARDIN,TN,47071,69.95
HARDIN,TX,48199,37.73
HARDY,WV,54031,40.74
HARFORD,MD,24025,41.86
HARLAN,KY,21095,79.43
HARLAN,NE,31083,16
HARMON,OK,40057,64.46
HARNETT,NC,37085,35.11
HARNEY,OR,41025,43.57
HARPER,KS,20077,34.39
HARPER,OK,40059,34.85
HARRIS,GA,13145,4.27
HARRIS,TX,48201,38.52
HARRISON,IA,19085,31.45
HARRISON,IN,18061,48.28
HARRISON,KY,21097,42
HARRISON,MO,29081,45.24
HARRISON,MS,28047,54.97
HARRISON,OH,39067,27.08
HARRISON,TX,48203,31.74
HARRISON,WV,54033,83.9
HARRISONBURG CITY,VA,51660,59.19
HART,GA,13147,55.33
HART,KY,21099,27.99
HARTFORD,CT,09003,25.64
HARVEY,KS,20079,39.31
HASKELL,KS,20081,13.21
HASKELL,OK,40061,65.73
HASKELL,TX,48207,49.04
HATILLO,PR,,NaN
HAWAII,HI,15001,42.05
HAWKINS,TN,47073,58.54
HAYS,TX,48209,23.72
HAYWOOD,NC,37087,54.89
HAYWOOD,TN,47075,19.26
HEARD,GA,13149,19.15
HEMPHILL,TX,48211,21.81
HEMPSTEAD,AR,05057,45.31
HENDERSON,IL,17071,7.11
HENDERSON,KY,21101,81.12
HENDERSON,NC,37089,51.43
HENDERSON,TN,47077,47.93
HENDERSON,TX,48213,41.55
HENDRICKS,IN,18063,42.4
HENDRY,FL,12051,36.47
HENNEPIN,MN,27053,24.53
HENRICO,VA,51087,33.99
HENRY,AL,01067,27.5
HENRY,GA,13151,31.41
HENRY,IA,19087,20.78
HENRY,IL,17073,17.04
HENRY,IN,18065,71.69
HENRY,KY,21103,36.97
HENRY,MO,29083,67.04
HENRY,OH,39069,18.58
HENRY,TN,47079,89.29
HENRY,VA,51089,42.6
HERKIMER,NY,36043,31.95
HERNANDO,FL,12053,71.1
HERTFORD,NC,37091,50.57
HETTINGER,ND,38041,18.15
HICKMAN,KY,21105,27.72
HICKMAN,TN,47081,28.11
HICKORY,MO,29085,26.28
HIDALGO,NM,35023,16.49
HIDALGO,TX,48215,9.79
HIGHLAND,OH,39071,57.18
HIGHLANDS,FL,12055,31.55
HILL,MT,30041,43.91
HILL,TX,48217,43.92
HILLSBOROUGH,FL,12057,67.66
HILLSBOROUGH,NH,33011,24.47
HILLSDALE,MI,26059,27.07
HINDS,MS,28049,21.72
HINSDALE,CO,08053,1.64
HOCKING,OH,39073,46.17
HOCKLEY,TX,48219,30.4
HODGEMAN,KS,20083,33.98
HOKE,NC,37093,22.28
HOLMES,FL,12059,36.95
HOLMES,MS,28051,17.96
HOLMES,OH,39075,9
HOLT,MO,29087,12.59
HOLT,NE,31089,23.17
HONOLULU,HI,15003,15.75
HOOD,TX,48221,47.05
HOOD RIVER,OR,41027,43.32
HOPEWELL CITY,VA,51670,51.45
HOPKINS,KY,21107,96.34
HOPKINS,TX,48223,67.95
HORMIGUEROS,PR,,NaN
HORRY,SC,45051,56.54
HOT SPRING,AR,05059,33.88
HOT SPRINGS,WY,56017,53.49
HOUGHTON,MI,26061,34.63
HOUSTON,AL,01069,54.21
HOUSTON,GA,13153,42.82
HOUSTON,MN,27055,14.02
HOUSTON,TN,47083,48.47
HOUSTON,TX,48225,32.8
HOWARD,AR,05061,49.9
HOWARD,IA,19089,30.57
HOWARD,IN,18067,69.85
HOWARD,MD,24027,23.58
HOWARD,MO,29089,14.51
HOWARD,NE,31093,24.62
HOWARD,TX,48227,38.47
HOWELL,MO,29091,71.06
HUBBARD,MN,27057,25.73
HUDSON,NJ,34017,15.24
HUERFANO,CO,08055,50.61
HUGHES,OK,40063,42.85
HUGHES,SD,46065,31.49
HUMACAO,PR,,NaN
HUMBOLDT,CA,06023,76.22
HUMBOLDT,IA,19091,22.05
HUMBOLDT,NV,32013,39.24
HUMPHREYS,MS,28053,10.74
HUMPHREYS,TN,47085,50.28
HUNT,TX,48231,47.6
HUNTERDON,NJ,34019,17.28
HUNTINGDON,PA,42061,19.91
HUNTINGTON,IN,18069,39.41
HURON,MI,26063,36.49
HURON,OH,39077,42.25
HUTCHINSON,SD,46067,19.76
HUTCHINSON,TX,48233,33.74
IBERIA,LA,22045,41.51
IBERVILLE,LA,22047,45.71
IDA,IA,19093,28.1
IDAHO,ID,16049,28.89
IMPERIAL,CA,06025,20.42
INDEPENDENCE,AR,05063,61.87
INDIAN RIVER,FL,12061,44.31
INDIANA,PA,42063,30.64
INGHAM,MI,26065,36.09
INYO,CA,06027,44.71
IONIA,MI,26067,24.67
IOSCO,MI,26069,66.9
IOWA,IA,19095,15.85
IOWA,WI,55049,25.7
IREDELL,NC,37097,50.03
IRON,MI,26071,43.53
IRON,MO,29093,47.41
IRON,UT,49021,40.53
IRON,WI,55051,25.79
IROQUOIS,IL,17075,30.02
IRWIN,GA,13155,21.87
ISABELA,PR,,NaN
ISABELLA,MI,26073,30.17
ISANTI,MN,27059,33.09
ISLAND,WA,53029,26.88
ISLE OF WIGHT,VA,51093,24.57
ITASCA,MN,27061,32.2
ITAWAMBA,MS,28057,65.48
IZARD,AR,05065,85.51
JACK,TX,48237,24.97
JACKSON,AL,01071,75.35
JACKSON,AR,05067,45.52
JACKSON,FL,12063,35.72
JACKSON,GA,13157,48.85
JACKSON,IA,19097,20.16
JACKSON,IL,17077,41.49
JACKSON,IN,18071,60.63
JACKSON,KS,20085,22.21
JACKSON,KY,21109,46.91
JACKSON,LA,22049,30.74
JACKSON,MI,26075,39.55
JACKSON,MN,27063,8.67
JACKSON,MO,29095,35.39
JACKSON,MS,28059,53.4
JACKSON,NC,37099,43.23
JACKSON,OH,39079,106.92
JACKSON,OK,40065,54.26
JACKSON,OR,41029,67.22
JACKSON,TN,47087,47.25
JACKSON,TX,48239,21.77
JACKSON,WI,55053,27.59
JACKSON,WV,54035,53.33
JAMES CITY,VA,51095,30.37
JASPER,GA,13159,24.56
JASPER,IA,19099,31.31
JASPER,IL,17079,25.34
JASPER,IN,18073,53.06
JASPER,MO,29097,52.32
JASPER,MS,28061,15.41
JASPER,SC,45053,21.84
JASPER,TX,48241,65.07
JAY,IN,18075,58.32
JAYUYA,PR,,NaN
JEFF DAVIS,GA,13161,51.58
JEFFERSON,AL,01073,53.79
JEFFERSON,AR,05069,25.1
JEFFERSON,CO,08059,38.41
JEFFERSON,FL,12065,22.06
JEFFERSON,GA,13163,39.95
JEFFERSON,IA,19101,33.35
JEFFERSON,ID,16051,12.35
JEFFERSON,IL,17081,38.56
JEFFERSON,IN,18077,54.58
JEFFERSON,KS,20087,11.06
JEFFERSON,KY,21111,60.49
JEFFERSON,LA,22051,62.83
JEFFERSON,MO,29099,35.62
JEFFERSON,MS,28063,9.48
JEFFERSON,MT,30043,9.64
JEFFERSON,NE,31095,23.93
JEFFERSON,NY,36045,25.56
JEFFERSON,OH,39081,55.65
JEFFERSON,OK,40067,92.35
JEFFERSON,OR,41031,32.84
JEFFERSON,PA,42065,34.68
JEFFERSON,TN,47089,66.65
JEFFERSON,TX,48245,43.94
JEFFERSON,WA,53031,28.14
JEFFERSON,WI,55055,27.35
JEFFERSON,WV,54037,42.01
JEFFERSON DAVIS,LA,22053,51.37
JEFFERSON DAVIS,MS,28065,37.63
JENKINS,GA,13165,33.74
JENNINGS,IN,18079,61.04
JERAULD,SD,46073,25.42
JEROME,ID,16053,30.19
JERSEY,IL,17083,49.44
JESSAMINE,KY,21113,51.46
JEWELL,KS,20089,18.36
JIM HOGG,TX,48247,11.85
JIM WELLS,TX,48249,42.54
JO DAVIESS,IL,17085,17.97
JOHNSON,AR,05071,48.39
JOHNSON,GA,13167,21.89
JOHNSON,IA,19103,13.66
JOHNSON,IL,17087,21.57
JOHNSON,IN,18081,56.91
JOHNSON,KS,20091,44.61
JOHNSON,KY,21115,152.11
JOHNSON,MO,29101,20.94
JOHNSON,NE,31097,28.08
JOHNSON,TN,47091,63.71
JOHNSON,TX,48251,42.01
JOHNSON,WY,56019,21.47
JOHNSTON,NC,37101,30.85
JOHNSTON,OK,40069,66.67
JONES,GA,13169,19.85
JONES,IA,19105,16.38
JONES,MS,28067,55.76
JONES,NC,37103,21.32
JONES,TX,48253,20.2
JOSEPHINE,OR,41033,79.33
JUAB,UT,49023,38.14
JUANA DIAZ,PR,,NaN
JUDITH BASIN,MT,30045,0.1
JUNCOS,PR,,NaN
JUNEAU,AK,02110,27.42
JUNEAU,WI,55057,47.03
JUNIATA,PA,42067,28.74
KALAMAZOO,MI,26077,36.68
KALKASKA,MI,26079,45.19
KANABEC,MN,27065,28.34
KANAWHA,WV,54039,67.03
KANDIYOHI,MN,27067,15.92
KANE,IL,17089,13.37
KANE,UT,49025,64.55
KANKAKEE,IL,17091,30.93
KARNES,TX,48255,29.44
KAUAI,HI,15007,41.3
KAUFMAN,TX,48257,42.46
KAY,OK,40071,50.92
KEARNEY,NE,31099,11.71
KEARNY,KS,20093,14.28
KEITH,NE,31101,37.7
KEMPER,MS,28069,28.77
KENAI PENINSULA,AK,02122,45.18
KENDALL,IL,17093,19.06
KENDALL,TX,48259,37.09
KENNEBEC,ME,23011,49.67
KENOSHA,WI,55059,31.19
KENT,DE,10001,40.66
KENT,MD,24029,59.35
KENT,MI,26081,30.4
KENT,RI,44003,48.8
KENTON,KY,21117,53.55
KEOKUK,IA,19107,7.05
KERN,CA,06029,34.39
KERR,TX,48265,43.22
KERSHAW,SC,45055,28.54
KETCHIKAN GATEWAY,AK,02130,43.1
KEWAUNEE,WI,55061,12.06
KIDDER,ND,38043,10.97
KIMBALL,NE,31105,52.06
KIMBLE,TX,48267,38.54
KING,WA,53033,34.48
KING GEORGE,VA,51099,12.07
KING WILLIAM,VA,51101,29.05
KINGFISHER,OK,40073,49.18
KINGMAN,KS,20095,37.76
KINGS,CA,06031,32.87
KINGS,NY,36047,11.13
KINGSBURY,SD,46077,15
KINNEY,TX,48271,11.84
KIOWA,CO,08061,37.28
KIOWA,KS,20097,9.89
KIOWA,OK,40075,53.59
KIT CARSON,CO,08063,16.63
KITSAP,WA,53035,35.68
KITTITAS,WA,53037,30.61
KITTSON,MN,27069,10.85
KLAMATH,OR,41035,52.22
KLEBERG,TX,48273,22.83
KLICKITAT,WA,53039,18.51
KNOTT,KY,21119,40.95
KNOX,IL,17095,37.22
KNOX,IN,18083,79.16
KNOX,KY,21121,62.58
KNOX,ME,23013,38.58
KNOX,MO,29103,0.82
KNOX,NE,31107,20.86
KNOX,OH,39083,41.06
KNOX,TN,47093,71.64
KNOX,TX,48275,31.98
KODIAK ISLAND,AK,02150,19.9
KOOCHICHING,MN,27071,30.91
KOOTENAI,ID,16055,41.45
KOSCIUSKO,IN,18085,33.47
KOSSUTH,IA,19109,21.28
LA CROSSE,WI,55063,40.92
LA PAZ,AZ,04012,41.6
LA PLATA,CO,08067,25.73
LA PORTE,IN,18091,42.96
LA SALLE,IL,17099,31.18
LA SALLE,LA,22059,52.57
LA SALLE,TX,48283,18.2
LABETTE,KS,20099,56.24
LAC QUI PARLE,MN,27073,12.14
LACKAWANNA,PA,42069,52.98
LACLEDE,MO,29105,47.92
LAFAYETTE,AR,05073,30.53
LAFAYETTE,FL,12067,24.26
LAFAYETTE,LA,22055,57.83
LAFAYETTE,MO,29107,27.89
LAFAYETTE,MS,28071,23.76
LAFAYETTE,WI,55065,5.43
LAFOURCHE,LA,22057,43.33
LAGRANGE,IN,18087,11.33
LAJAS,PR,,NaN
LAKE,CA,06033,97.25
LAKE,CO,08065,29.06
LAKE,FL,12069,38
LAKE,IL,17097,19.02
LAKE,IN,18089,37.59
LAKE,MI,26085,23.61
LAKE,MN,27075,20.79
LAKE,MT,30047,46.68
LAKE,OH,39085,40.29
LAKE,OR,41037,68.2
LAKE,SD,46079,14.98
LAKE,TN,47095,39.5
LAKE OF THE WOODS,MN,27077,24.05
LAMAR,AL,01075,53.16
LAMAR,GA,13171,30.32
LAMAR,MS,28073,22.29
LAMAR,TX,48277,56.95
LAMB,TX,48279,27.79
LAMOILLE,VT,50015,30.22
LAMOURE,ND,38045,6
LAMPASAS,TX,48281,25.71
LANCASTER,NE,31109,25.29
LANCASTER,PA,42071,28.38
LANCASTER,SC,45057,38.12
LANCASTER,VA,51103,62.36
LANDER,NV,32015,40.41
LANE,KS,20101,31.85
LANE,OR,41039,52.84
LANGLADE,WI,55067,38.24
LANIER,GA,13173,28.94
LAPEER,MI,26087,34.2
LARAMIE,WY,56021,32.13
LARES,PR,,NaN
LARIMER,CO,08069,31.33
LARUE,KY,21123,38.68
LAS ANIMAS,CO,08071,48.43
LAS MARIAS,PR,,NaN
LAS PIEDRAS,PR,,NaN
LASSEN,CA,06035,77.21
LATAH,ID,16057,29.52
LATIMER,OK,40077,64.71
LAUDERDALE,AL,01077,52.91
LAUDERDALE,MS,28075,65.18
LAUDERDALE,TN,47097,43.66
LAUREL,KY,21125,64.4
LAURENS,GA,13175,61
LAURENS,SC,45059,48.39
LAVACA,TX,48285,34.05
LAWRENCE,AL,01079,48.24
LAWRENCE,AR,05075,48.4
LAWRENCE,IL,17101,38.7
LAWRENCE,IN,18093,80.02
LAWRENCE,KY,21127,108.2
LAWRENCE,MO,29109,38.78
LAWRENCE,MS,28077,44.47
LAWRENCE,OH,39087,59.38
LAWRENCE,PA,42073,50.68
LAWRENCE,SD,46081,28.47
LAWRENCE,TN,47099,68.78
LE FLORE,OK,40079,59.25
LE SUEUR,MN,27079,8.09
LEA,NM,35025,36.09
LEAKE,MS,28079,34.12
LEAVENWORTH,KS,20103,227.95
LEBANON,PA,42075,23.64
LEE,AL,01081,19.81
LEE,AR,05077,18.47
LEE,FL,12071,42.96
LEE,GA,13177,9.28
LEE,IA,19111,45.23
LEE,IL,17103,18.51
LEE,KY,21129,133.01
LEE,MS,28081,46.51
LEE,NC,37105,56.13
LEE,SC,45061,23.73
LEE,TX,48287,21.63
LEE,VA,51105,79.03
LEELANAU,MI,26089,10.62
LEFLORE,MS,28083,29.09
LEHIGH,PA,42077,22.91
LEMHI,ID,16059,50.61
LENAWEE,MI,26091,37.72
LENOIR,NC,37107,63.24
LEON,FL,12073,25.51
LEON,TX,48289,20.95
LESLIE,KY,21131,109.23
LETCHER,KY,21133,83.62
LEVY,FL,12075,60.75
LEWIS,ID,16061,87.62
LEWIS,KY,21135,38.83
LEWIS,MO,29111,27.75
LEWIS,NY,36049,17.84
LEWIS,TN,47101,65.65
LEWIS,WA,53041,62.8
LEWIS,WV,54041,58.89
LEWIS AND CLARK,MT,30049,36.45
LEXINGTON,SC,45063,32.21
LEXINGTON CITY,VA,51678,109.72
LIBERTY,FL,12077,14.64
LIBERTY,GA,13179,15.76
LIBERTY,MT,30051,8.89
LIBERTY,TX,48291,65.52
LICKING,OH,39089,33.1
LIMESTONE,AL,01083,38.45
LIMESTONE,TX,48293,49.61
LINCOLN,AR,05079,14.5
LINCOLN,CO,08073,41.05
LINCOLN,GA,13181,35.66
LINCOLN,ID,16063,0.04
LINCOLN,KS,20105,26.44
LINCOLN,KY,21137,42.37
LINCOLN,LA,22061,25.73
LINCOLN,ME,23015,36.63
LINCOLN,MN,27081,14.91
LINCOLN,MO,29113,31.58
LINCOLN,MS,28085,41.99
LINCOLN,MT,30053,61.56
LINCOLN,NC,37109,44.52
LINCOLN,NE,31111,36.96
LINCOLN,NM,35027,51.19
LINCOLN,NV,32017,45.99
LINCOLN,OK,40081,36.34
LINCOLN,OR,41041,77.29
LINCOLN,SD,46083,9.32
LINCOLN,TN,47103,52.99
LINCOLN,WA,53043,45.32
LINCOLN,WI,55069,29.07
LINCOLN,WV,54043,58.55
LINCOLN,WY,56023,32.41
LINN,IA,19113,23.21
LINN,KS,20107,27.15
LINN,MO,29115,37.87
LINN,OR,41043,56.67
LIPSCOMB,TX,48295,3.43
LITCHFIELD,CT,09005,31.13
LITTLE RIVER,AR,05081,49.15
LIVE OAK,TX,48297,14.19
LIVINGSTON,IL,17105,28.91
LIVINGSTON,KY,21139,87.01
LIVINGSTON,LA,22063,61.86
LIVINGSTON,MI,26093,26.64
LIVINGSTON,MO,29117,63.8
LIVINGSTON,NY,36051,26.21
LLANO,TX,48299,42.47
LOGAN,AR,05083,47.16
LOGAN,CO,08075,31.26
LOGAN,IL,17107,29.31
LOGAN,KS,20109,20.98
LOGAN,KY,21141,39.94
LOGAN,ND,38047,11.55
LOGAN,OH,39091,38.38
LOGAN,OK,40083,26.73
LOGAN,WV,54045,179.09
LOIZA,PR,,NaN
LONG,GA,13183,8.48
LONOKE,AR,05085,34.65
LORAIN,OH,39093,32.29
LOS ALAMOS,NM,35028,27.93
LOS ANGELES,CA,06037,21.93
LOUDON,TN,47105,54.29
LOUDOUN,VA,51107,16.45
LOUISA,IA,19115,6.95
LOUISA,VA,51109,24.42
LOVE,OK,40085,35.07
LOWNDES,AL,01085,12.54
LOWNDES,GA,13185,42.71
LOWNDES,MS,28087,41.03
LUBBOCK,TX,48303,41.15
LUCAS,IA,19117,34.21
LUCAS,OH,39095,52.47
LUCE,MI,26095,65.36
LUMPKIN,GA,13187,23.66
LUNA,NM,35029,34.08
LUNENBURG,VA,51111,16.94
LUQUILLO,PR,,NaN
LUZERNE,PA,42079,40.93
LYCOMING,PA,42081,32.83
LYMAN,SD,46085,7.47
LYNCHBURG CITY,VA,51680,53.33
LYNN,TX,48305,8.1
LYON,IA,19119,16.68
LYON,KS,20111,28.36
LYON,KY,21143,62.2
LYON,MN,27083,16.75
LYON,NV,32019,42.57
MACKINAC,MI,26097,33.41
MACOMB,MI,26099,48.72
MACON,AL,01087,18.84
MACON,GA,13193,38.04
MACON,IL,17115,35.63
MACON,MO,29121,32.3
MACON,NC,37113,43.74
MACON,TN,47111,54.29
MACOUPIN,IL,17117,25.85
MADERA,CA,06039,28.77
MADISON,AL,01089,54.64
MADISON,AR,05087,32.43
MADISON,FL,12079,23.63
MADISON,GA,13195,48.36
MADISON,IA,19121,26.37
MADISON,ID,16065,17.63
MADISON,IL,17119,42.07
MADISON,IN,18095,77.74
MADISON,KY,21151,52.95
MADISON,LA,22065,23.7
MADISON,MO,29123,51.25
MADISON,MS,28089,36.96
MADISON,MT,30057,18.58
MADISON,NC,37115,33.36
MADISON,NE,31119,23.5
MADISON,NY,36053,31.26
MADISON,OH,39097,34.85
MADISON,TN,47113,49.25
MADISON,TX,48313,35.44
MADISON,VA,51113,10.03
MAGOFFIN,KY,21153,43.87
MAHASKA,IA,19123,31.71
MAHNOMEN,MN,27087,19.81
MAHONING,OH,39099,44.98
MAJOR,OK,40093,16.75
MALHEUR,OR,41045,54.13
MANASSAS CITY,VA,51683,43.48
MANATEE,FL,12081,52.61
MANATI,PR,,NaN
MANISTEE,MI,26101,51.5
MANITOWOC,WI,55071,29.24
MARATHON,WI,55073,22.41
MARENGO,AL,01091,40.22
MARICOPA,AZ,04013,37.99
MARIES,MO,29125,35.01
MARIN,CA,06041,31.12
MARINETTE,WI,55075,44.33
MARION,AL,01093,108.08
MARION,AR,05089,41.74
MARION,FL,12083,45.86
MARION,GA,13197,10.09
MARION,IA,19125,29.46
MARION,IL,17121,36.64
MARION,IN,18097,52.91
MARION,KS,20115,24.14
MARION,KY,21155,50.83
MARION,MO,29127,48.04
MARION,MS,28091,95.42
MARION,OH,39101,41.22
MARION,OR,41047,42.14
MARION,SC,45067,44.79
MARION,TN,47115,57.96
MARION,TX,48315,13.17
MARION,WV,54049,56.02
MARIPOSA,CA,06043,28.54
MARLBORO,SC,45069,43.98
MARQUETTE,MI,26103,33.75
MARQUETTE,WI,55077,17.03
MARSHALL,AL,01095,77.14
MARSHALL,IA,19127,29.11
MARSHALL,IL,17123,24.33
MARSHALL,IN,18099,37.94
MARSHALL,KS,20117,35.95
MARSHALL,KY,21157,63.21
MARSHALL,MN,27089,5.52
MARSHALL,MS,28093,10.82
MARSHALL,OK,40095,43.45
MARSHALL,SD,46091,16.49
MARSHALL,TN,47117,77.35
MARSHALL,WV,54051,75.88
MARTIN,FL,12085,39.24
MARTIN,IN,18101,58.45
MARTIN,KY,21159,54.01
MARTIN,MN,27091,29.93
MARTIN,NC,37117,50.18
MARTIN,TX,48317,17.59
MARTINSVILLE CITY,VA,51690,242.75
MASON,IL,17125,27.35
MASON,KY,21161,53.48
MASON,MI,26105,58.44
MASON,TX,48319,22.78
MASON,WA,53045,40.02
MASON,WV,54053,82.75
MASSAC,IL,17127,57.69
MATAGORDA,TX,48321,39.54
MATANUSKA SUSITNA,AK,02170,41.09
MATHEWS,VA,51115,20.8
MAUI,HI,15009,42.48
MAUNABO,PR,,NaN
MAURY,TN,47119,56.62
MAVERICK,TX,48323,11.13
MAYAGUEZ,PR,,NaN
MAYES,OK,40097,72.51
MCCLAIN,OK,40087,78.75
MCCOOK,SD,46087,8.79
MCCORMICK,SC,45065,13.97
MCCRACKEN,KY,21145,106.91
MCCREARY,KY,21147,60.67
MCCULLOCH,TX,48307,45.93
MCCURTAIN,OK,40089,74.16
MCDONALD,MO,29119,32.13
MCDONOUGH,IL,17109,21.15
MCDOWELL,NC,37111,53.34
MCDOWELL,WV,54047,96.25
MCDUFFIE,GA,13189,54.3
MCHENRY,IL,17111,21.13
MCHENRY,ND,38049,5.93
MCINTOSH,GA,13191,50.89
MCINTOSH,ND,38051,26.11
MCINTOSH,OK,40091,68.66
MCKEAN,PA,42083,40.44
MCKENZIE,ND,38053,10.67
MCKINLEY,NM,35031,14.37
MCLEAN,IL,17113,16.17
MCLEAN,KY,21149,23.56
MCLEAN,ND,38055,17.26
MCLENNAN,TX,48309,34.89
MCLEOD,MN,27085,27.77
MCMINN,TN,47107,75.25
MCNAIRY,TN,47109,68.7
MCPHERSON,KS,20113,34.33
MCPHERSON,SD,46089,9.01
MEADE,KS,20119,17.33
MEADE,KY,21163,27.66
MEADE,SD,46093,9.27
MEAGHER,MT,30059,22.19
MECKLENBURG,NC,37119,22.25
MECKLENBURG,VA,51117,38.91
MECOSTA,MI,26107,39.04
MEDINA,OH,39103,40.41
MEDINA,TX,48325,16.44
MEEKER,MN,27093,14.23
MEIGS,OH,39105,64.49
MEIGS,TN,47121,32.42
MELLETTE,SD,46095,38.4
MENARD,IL,17129,11.14
MENARD,TX,48327,16.23
MENDOCINO,CA,06045,63.48
MENIFEE,KY,21165,35.38
MENOMINEE,MI,26109,23.75
MERCED,CA,06047,32.67
MERCER,IL,17131,10.93
MERCER,KY,21167,49.28
MERCER,MO,29129,18.76
MERCER,ND,38057,23.47
MERCER,NJ,34021,21.53
MERCER,OH,39107,18.92
MERCER,PA,42085,49.52
MERCER,WV,54055,72.49
MERIWETHER,GA,13199,32.91
MERRICK,NE,31121,17.6
MERRIMACK,NH,33013,36.66
MESA,CO,08077,37.75
METCALFE,KY,21169,28.33
MIAMI,IN,18103,26.15
MIAMI,KS,20121,38.68
MIAMI,OH,39109,33.73
MIAMI-DADE,FL,12086,14.07
MIDDLESEX,CT,09007,29.2
MIDDLESEX,MA,25017,19.68
MIDDLESEX,NJ,34023,24.63
MIDDLESEX,VA,51119,23.95
MIDLAND,MI,26111,54.35
MIDLAND,TX,48329,32.15
MIFFLIN,PA,42087,38.66
MILAM,TX,48331,39.53
MILLARD,UT,49027,54.68
MILLE LACS,MN,27095,50.27
MILLER,AR,05091,51.37
MILLER,GA,13201,32.93
MILLER,MO,29131,23.36
MILLS,IA,19129,18.95
MILLS,TX,48333,27.21
MILWAUKEE,WI,55079,47.13
MINER,SD,46097,6.97
MINERAL,CO,08079,0.1
MINERAL,MT,30061,46.4
MINERAL,NV,32021,65.04
MINERAL,WV,54057,42.33
MINGO,WV,54059,203.46
MINIDOKA,ID,16067,16.41
MINNEHAHA,SD,46099,31.06
MISSAUKEE,MI,26113,19.61
MISSISSIPPI,AR,05093,47.38
MISSISSIPPI,MO,29133,67.76
MISSOULA,MT,30063,38.81
MITCHELL,GA,13205,31.26
MITCHELL,IA,19131,10.9
MITCHELL,KS,20123,25.92
MITCHELL,NC,37121,77.58
MITCHELL,TX,48335,22.43
MOBILE,AL,01097,52.57
MOCA,PR,,NaN
MODOC,CA,06049,70.39
MOFFAT,CO,08081,41.56
MOHAVE,AZ,04015,73.97
MONITEAU,MO,29135,16.09
MONMOUTH,NJ,34025,27.62
MONO,CA,06051,17.47
MONONA,IA,19133,32.4
MONONGALIA,WV,54061,40.25
MONROE,AL,01099,39.02
MONROE,AR,05095,25.71
MONROE,FL,12087,60.02
MONROE,GA,13207,29.56
MONROE,IA,19135,30.64
MONROE,IL,17133,30.77
MONROE,IN,18105,42.08
MONROE,KY,21171,80.26
MONROE,MI,26115,48.38
MONROE,MO,29137,16.77
MONROE,MS,28095,36.02
MONROE,NY,36055,32.61
MONROE,OH,39111,24.44
MONROE,PA,42089,37.35
MONROE,TN,47123,64.38
MONROE,WI,55081,28.31
MONROE,WV,54063,30.32
MONTAGUE,TX,48337,65.25
MONTCALM,MI,26117,43.91
MONTEREY,CA,06053,29.01
MONTEZUMA,CO,08083,40.03
MONTGOMERY,AL,01101,35.82
MONTGOMERY,AR,,NaN
MONTGOMERY,GA,13209,7.72
MONTGOMERY,IA,19137,33.67
MONTGOMERY,IL,17135,35.93
MONTGOMERY,IN,18107,54.29
MONTGOMERY,KS,20125,61.23
MONTGOMERY,KY,21173,83.72
MONTGOMERY,MD,24031,15.67
MONTGOMERY,MO,29139,33.46
MONTGOMERY,MS,28097,32.37
MONTGOMERY,NC,37123,42.14
MONTGOMERY,NY,36057,38.06
MONTGOMERY,OH,39113,46.47
MONTGOMERY,PA,42091,35.09
MONTGOMERY,TN,47125,38.76
MONTGOMERY,TX,48339,36.85
MONTGOMERY,VA,51121,34.72
MONTMORENCY,MI,26119,61.61
MONTOUR,PA,42093,24.7
MONTROSE,CO,08085,33.43
MOODY,SD,46101,5.32
MOORE,NC,37125,57.98
MOORE,TN,47127,8.33
MOORE,TX,48341,18.71
MOREHOUSE,LA,22067,30.75
MORGAN,AL,01103,61.34
MORGAN,CO,08087,30.06
MORGAN,GA,13211,32.12
MORGAN,IL,17137,34.71
MORGAN,IN,18109,67.68
MORGAN,KY,21175,41.25
MORGAN,MO,29141,38.8
MORGAN,OH,39115,26.69
MORGAN,TN,47129,71.81
MORGAN,UT,49029,14.51
MORGAN,WV,54065,42.24
MOROVIS,PR,,NaN
MORRILL,NE,31123,19.45
MORRIS,KS,20127,19.88
MORRIS,NJ,34027,19.51
MORRIS,TX,48343,61.92
MORRISON,MN,27097,21.25
MORROW,OH,39117,23.93
MORROW,OR,41049,15.84
MORTON,KS,20129,85.21
MORTON,ND,38059,19.72
MOULTRIE,IL,17139,16.24
MOUNTRAIL,ND,38061,12.47
MOWER,MN,27099,20.53
MUHLENBERG,KY,21177,82.54
MULTNOMAH,OR,41051,53.8
MURRAY,GA,13213,41.39
MURRAY,MN,27101,6.05
MURRAY,OK,40099,73.1
MUSCATINE,IA,19139,24.06
MUSCOGEE,GA,13215,42.29
MUSKEGON,MI,26121,56.04
MUSKINGUM,OH,39119,58.91
MUSKOGEE,OK,40101,58.49
MUSSELSHELL,MT,30065,28.73
NACOGDOCHES,TX,48347,42.44
NAGUABO,PR,,NaN
NANCE,NE,31125,17.72
NANTUCKET,MA,25019,21.58
NAPA,CA,06055,33
NARANJITO,PR,,NaN
NASH,NC,37127,40.75
NASSAU,FL,12089,60.68
NASSAU,NY,36059,28.06
NATCHITOCHES,LA,22069,22.66
NATRONA,WY,56025,39.68
NAVAJO,AZ,04017,31.37
NAVARRO,TX,48349,31.87
NELSON,KY,21179,54.11
NELSON,ND,38063,7.44
NELSON,VA,51125,23.09
NEMAHA,KS,20131,34.88
NEMAHA,NE,31127,38.01
NEOSHO,KS,20133,50.13
NESHOBA,MS,28099,73.42
NESS,KS,20135,34.19
NEVADA,AR,05099,27
NEVADA,CA,06057,52.95
NEW CASTLE,DE,10003,39.87
NEW HANOVER,NC,37129,48.01
NEW HAVEN,CT,09009,33.85
NEW KENT,VA,51127,20.79
NEW LONDON,CT,09011,31.05
NEW MADRID,MO,29143,28.02
NEW YORK,NY,36061,19.14
NEWAYGO,MI,26123,49.07
NEWBERRY,SC,45071,34.09
NEWPORT,RI,44005,28.35
NEWPORT NEWS CITY,VA,51700,22.67
NEWTON,AR,05101,14.54
NEWTON,GA,13217,30.94
NEWTON,IN,18111,13.33
NEWTON,MO,29145,23.81
NEWTON,MS,28101,25.1
NEWTON,TX,48351,42.1
NEZ PERCE,ID,16069,64.98
NIAGARA,NY,36063,51.01
NICHOLAS,KY,21181,34.07
NICHOLAS,WV,54067,99.17
NICOLLET,MN,27103,6.85
NIOBRARA,WY,56027,24.92
NOBLE,IN,18113,27.88
NOBLE,OH,39121,39.73
NOBLE,OK,40103,29.62
NOBLES,MN,27105,13.92
NODAWAY,MO,29147,20.83
NOLAN,TX,48353,48.3
NOME,AK,02180,0.04
NORFOLK,MA,25021,23.59
NORFOLK CITY,VA,51710,19.86
NORMAN,MN,27107,16.8
NORTH SLOPE,AK,02185,0.12
NORTHAMPTON,NC,37131,9.59
NORTHAMPTON,PA,42095,25.78
NORTHAMPTON,VA,51131,43.12
NORTHERN MARIANA ISLANDS,MP,,NaN
NORTHUMBERLAND,PA,42097,37.05
NORTHUMBERLAND,VA,51133,15.24
NORTHWEST ARCTIC,AK,02188,0.11
NORTON,KS,20137,39.52
NORTON CITY,VA,51720,305.44
NOTTOWAY,VA,51135,27.99
NOWATA,OK,40105,26.64
NOXUBEE,MS,28103,23.26
NUCKOLLS,NE,31129,40.36
NUECES,TX,48355,35.59
NYE,NV,32023,96.6
OAKLAND,MI,26125,36.65
OBION,TN,47131,46.83
OBRIEN,IA,19141,12.69
OCEAN,NJ,34029,32.08
OCEANA,MI,26127,40.44
OCHILTREE,TX,48357,22.22
OCONEE,GA,13219,19.63
OCONEE,SC,45073,79.29
OCONTO,WI,55083,19.11
OGEMAW,MI,26129,125.78
OGLE,IL,17141,18.9
OGLETHORPE,GA,13221,21.59
OHIO,IN,18115,27.11
OHIO,KY,21183,64.64
OHIO,WV,54069,49.2
OKALOOSA,FL,12091,38.38
OKANOGAN,WA,53047,52.04
OKEECHOBEE,FL,12093,55.82
OKFUSKEE,OK,40107,44.46
OKLAHOMA,OK,40109,61.65
OKMULGEE,OK,40111,48.89
OKTIBBEHA,MS,28105,23.49
OLDHAM,KY,21185,28.63
OLDHAM,TX,48359,0.12
OLMSTED,MN,27109,25.11
ONEIDA,ID,16071,41.1
ONEIDA,NY,36065,34.54
ONEIDA,WI,55085,49.12
ONONDAGA,NY,36067,38.26
ONSLOW,NC,37133,31.4
ONTARIO,NY,36069,33.28
ONTONAGON,MI,26131,25.8
ORANGE,CA,06059,24.43
ORANGE,FL,12095,37.49
ORANGE,IN,18117,57.41
ORANGE,NC,37135,19.41
ORANGE,NY,36071,31.84
ORANGE,TX,48361,73.52
ORANGE,VA,51137,38.19
ORANGE,VT,50017,15.2
ORANGEBURG,SC,45075,32.42
OREGON,MO,29149,37.25
ORLEANS,LA,22071,23.55
ORLEANS,NY,36073,36.59
ORLEANS,VT,50019,25.86
OROCOVIS,PR,,NaN
OSAGE,KS,20139,16.16
OSAGE,MO,29151,7.93
OSAGE,OK,40113,15.24
OSBORNE,KS,20141,31.16
OSCEOLA,FL,12097,31.54
OSCEOLA,IA,19143,14.92
OSCEOLA,MI,26133,36.93
OSCODA,MI,26135,57.1
OSWEGO,NY,36075,34.06
OTERO,CO,08089,66.89
OTERO,NM,35035,31.34
OTOE,NE,31131,27.69
OTSEGO,MI,26137,57.54
OTSEGO,NY,36077,40.04
OTTAWA,KS,20143,26.37
OTTAWA,MI,26139,22.2
OTTAWA,OH,39123,30.27
OTTAWA,OK,40115,40.45
OTTER TAIL,MN,27111,19.52
OUACHITA,AR,05103,49.26
OUACHITA,LA,22073,33.21
OURAY,CO,08091,24.74
OUTAGAMIE,WI,55087,26.57
OVERTON,TN,47133,62.61
OWEN,IN,18119,34.88
OWEN,KY,21187,34.08
OWSLEY,KY,21189,119.2
OWYHEE,ID,16073,12.71
OXFORD,ME,23017,36.56
OZARK,MO,29153,34.24
OZAUKEE,WI,55089,26.71
PACIFIC,WA,53049,68.52
PAGE,IA,19145,36.4
PAGE,VA,51139,48.45
PALAU,PW,,NaN
PALM BEACH,FL,12099,43.11
PALO ALTO,IA,19147,13.66
PALO PINTO,TX,48363,65.81
PAMLICO,NC,37137,32.27
PANOLA,MS,28107,34.48
PANOLA,TX,48365,32.49
PARK,CO,08093,7.27
PARK,MT,30067,32.68
PARK,WY,56029,53.65
PARKE,IN,18121,22.5
PARKER,TX,48367,30.04
PARMER,TX,48369,11.05
PASCO,FL,12101,61.21
PASQUOTANK,NC,37139,36.73
PASSAIC,NJ,34031,18.54
PATILLAS,PR,,NaN
PATRICK,VA,51141,42.74
PAULDING,GA,13223,28.37
PAULDING,OH,39125,18.17
PAWNEE,KS,20145,35.52
PAWNEE,NE,31133,30.89
PAWNEE,OK,40117,52.45
PAYETTE,ID,16075,18.72
PAYNE,OK,40119,51.44
PEACH,GA,13225,33.07
PEARL RIVER,MS,28109,50.9
PECOS,TX,48371,21.86
PEMBINA,ND,38067,15.05
PEMISCOT,MO,29155,89.47
PEND OREILLE,WA,53051,73.89
PENDER,NC,37141,25.62
PENDLETON,KY,21191,25
PENDLETON,WV,54071,27.52
PENNINGTON,MN,27113,37.21
PENNINGTON,SD,46103,26.47
PENOBSCOT,ME,23019,56.04
PENUELAS,PR,,NaN
PEORIA,IL,17143,29.9
PEPIN,WI,55091,17.78
PERKINS,NE,31135,13.63
PERKINS,SD,46105,16.59
PERQUIMANS,NC,37143,21.66
PERRY,AL,01105,16.64
PERRY,AR,05105,29.76
PERRY,IL,17145,39.07
PERRY,IN,18123,42.27
PERRY,KY,21193,175.02
PERRY,MO,29157,25.82
PERRY,MS,28111,36.7
PERRY,OH,39127,51.06
PERRY,PA,42099,32.15
PERRY,TN,47135,60.87
PERSHING,NV,32027,11.09
PERSON,NC,37145,46.59
PETERSBURG,AK,02195,23.06
PETERSBURG CITY,VA,51730,45.21
PETTIS,MO,29159,28.95
PHELPS,MO,29161,84.46
PHELPS,NE,31137,23.28
PHILADELPHIA,PA,42101,37.28
PHILLIPS,AR,05107,62.78
PHILLIPS,CO,08095,13.91
PHILLIPS,KS,20147,27.81
PHILLIPS,MT,30071,24.54
PIATT,IL,17147,24.83
PICKAWAY,OH,39129,46.28
PICKENS,AL,01107,28.81
PICKENS,GA,13227,50.45
PICKENS,SC,45077,52.17
PICKETT,TN,47137,83.11
PIERCE,GA,13229,49.25
PIERCE,ND,38069,21.83
PIERCE,NE,31139,10.38
PIERCE,WA,53053,38.6
PIERCE,WI,55093,15.73
PIKE,AL,01109,40.98
PIKE,AR,05109,74.81
PIKE,GA,13231,11.54
PIKE,IL,17149,26.94
PIKE,IN,18125,46
PIKE,KY,21195,146.08
PIKE,MO,29163,42.29
PIKE,MS,28113,59.78
PIKE,OH,39131,53.87
PIKE,PA,42103,35.63
PIMA,AZ,04019,44.47
PINAL,AZ,04021,31.34
PINE,MN,27115,22.54
PINELLAS,FL,12103,61.43
PIPESTONE,MN,27117,23.5
PISCATAQUIS,ME,23021,48.51
PITKIN,CO,08097,14.15
PITT,NC,37147,37.23
PITTSBURG,OK,40121,61.94
PITTSYLVANIA,VA,51143,7.7
PLACER,CA,06061,53.47
PLAQUEMINES,LA,22075,11.53
PLATTE,MO,29165,30.25
PLATTE,NE,31141,19.21
PLATTE,WY,56031,35.89
PLEASANTS,WV,54073,55.58
PLUMAS,CA,06063,77.41
PLYMOUTH,IA,19149,11.93
PLYMOUTH,MA,25023,32.13
POCAHONTAS,IA,19151,17.26
POCAHONTAS,WV,54075,46.31
POINSETT,AR,05111,58.58
POINTE COUPEE,LA,22077,31.58
POLK,AR,05113,57.19
POLK,FL,12105,37.5
POLK,GA,13233,84.87
POLK,IA,19153,44.1
POLK,MN,27119,21.11
POLK,MO,29167,54.63
POLK,NC,37149,39.02
POLK,NE,31143,11.21
POLK,OR,41053,31.44
POLK,TN,47139,101.2
POLK,TX,48373,43.53
POLK,WI,55095,25.84
PONCE,PR,,NaN
PONDERA,MT,30073,32.41
PONTOTOC,MS,28115,32.88
PONTOTOC,OK,40123,55.79
POPE,AR,05115,39.45
POPE,IL,17151,25.43
POPE,MN,27121,18.48
POQUOSON CITY,VA,51735,33.92
PORTAGE,OH,39133,28.8
PORTAGE,WI,55097,20.82
PORTER,IN,18127,42.69
PORTSMOUTH CITY,VA,51740,39
POSEY,IN,18129,40.63
POTTAWATOMIE,KS,20149,18.31
POTTAWATOMIE,OK,40125,68.61
POTTAWATTAMIE,IA,19155,33.05
POTTER,PA,42105,33.45
POTTER,SD,46107,43.22
POTTER,TX,48375,36.39
POWDER RIVER,MT,30075,23.93
POWELL,KY,21197,69.55
POWELL,MT,30077,31.75
POWER,ID,16077,26.35
POWESHIEK,IA,19157,28.26
POWHATAN,VA,51145,15.25
PRAIRIE,AR,05117,24.26
PRATT,KS,20151,85.56
PREBLE,OH,39135,41.57
PRENTISS,MS,28117,34.9
PRESIDIO,TX,48377,0.01
PRESQUE ISLE,MI,26141,27.67
PRESTON,WV,54077,25.9
PRICE,WI,55099,30.48
PRINCE EDWARD,VA,51147,29.53
PRINCE GEORGE,VA,51149,3.73
PRINCE GEORGES,MD,24033,16.75
PRINCE OF WALES HYDER,AK,02198,18.27
PRINCE WILLIAM,VA,51153,18.66
PROVIDENCE,RI,44007,32.71
PROWERS,CO,08099,42.52
PUEBLO,CO,08101,68.22
PULASKI,AR,05119,42.5
PULASKI,GA,13235,84.11
PULASKI,IL,17153,36.31
PULASKI,IN,18131,43.44
PULASKI,KY,21199,67.12
PULASKI,MO,29169,34.52
PULASKI,VA,51155,85.7
PUSHMATAHA,OK,40127,43.71
PUTNAM,FL,12107,69.45
PUTNAM,GA,13237,22.58
PUTNAM,IL,17155,13.89
PUTNAM,IN,18133,39.11
PUTNAM,MO,29171,20.51
PUTNAM,NY,36079,21.51
PUTNAM,OH,39137,22.26
PUTNAM,TN,47141,70.8
PUTNAM,WV,54079,50.68
QUAY,NM,35037,40.87
QUEBRADILLAS,PR,,NaN
QUEEN ANNES,MD,24035,30.47
QUEENS,NY,36081,11.41
QUITMAN,MS,28119,20.34
RABUN,GA,13241,62.45
RACINE,WI,55101,36.92
RADFORD,VA,51750,56.98
RAINS,TX,48379,28.45
RALEIGH,WV,54081,93.1
RALLS,MO,29173,0.15
RAMSEY,MN,27123,24.51
RAMSEY,ND,38071,37.98
RANDALL,TX,48381,29.93
RANDOLPH,AL,01111,43.06
RANDOLPH,AR,05121,30.93
RANDOLPH,GA,13243,21.47
RANDOLPH,IL,17157,37.06
RANDOLPH,IN,18135,38.61
RANDOLPH,MO,29175,32.33
RANDOLPH,NC,37151,30.47
RANDOLPH,WV,54083,52.12
RANKIN,MS,28121,38.23
RANSOM,ND,38073,17.41
RAPIDES,LA,22079,56.49
RAPPAHANNOCK,VA,51157,6.31
RAVALLI,MT,30081,42.58
RAWLINS,KS,20153,20.73
RAY,MO,29177,42.35
REAGAN,TX,48383,11.38
REAL,TX,48385,0.03
RED LAKE,MN,27125,6.75
RED RIVER,LA,22081,43.64
RED RIVER,TX,48387,23.94
RED WILLOW,NE,31145,30.25
REDWOOD,MN,27127,13.35
REEVES,TX,48389,30.22
REFUGIO,TX,48391,22.82
RENO,KS,20155,41.98
RENSSELAER,NY,36083,27.5
RENVILLE,MN,27129,9.91
RENVILLE,ND,38075,5.6
REPUBLIC,KS,20157,54.29
REYNOLDS,MO,29179,35.71
RHEA,TN,47143,82.43
RICE,KS,20159,28.22
RICE,MN,27131,18.22
RICH,UT,49033,34.1
RICHARDSON,NE,31147,42.5
RICHLAND,IL,17159,45.23
RICHLAND,LA,22083,37.2
RICHLAND,MT,30083,27.22
RICHLAND,ND,38077,11.5
RICHLAND,OH,39139,34.38
RICHLAND,SC,45079,21.73
RICHLAND,WI,55103,28.73
RICHMOND,GA,13245,37.25
RICHMOND,NC,37153,74.51
RICHMOND,NY,36085,33.8
RICHMOND,VA,51159,14.39
RICHMOND CITY,VA,51760,22.86
RILEY,KS,20161,27.31
RINCON,PR,,NaN
RINGGOLD,IA,19159,26.76
RIO ARRIBA,NM,35039,46.79
RIO BLANCO,CO,08103,21.3
RIO GRANDE,CO,08105,29.42
RIO GRANDE,PR,,NaN
RIPLEY,IN,18137,57.09
RIPLEY,MO,29181,79.42
RITCHIE,WV,54085,33.51
RIVERSIDE,CA,06065,30.79
ROANE,TN,47145,105.2
ROANE,WV,54087,48.78
ROANOKE,VA,51161,38.94
ROANOKE CITY,VA,51770,58.07
ROBERTS,SD,46109,10.39
ROBERTSON,TN,47147,61.25
ROBERTSON,TX,48395,20.05
ROBESON,NC,37155,57.03
ROCK,MN,27133,21.72
ROCK,WI,55105,40.54
ROCK ISLAND,IL,17161,21.05
ROCKCASTLE,KY,21203,103.12
ROCKDALE,GA,13247,47.6
ROCKINGHAM,NC,37157,69.43
ROCKINGHAM,NH,33015,30.59
ROCKINGHAM,VA,51165,13.99
ROCKLAND,NY,36087,21.97
ROCKWALL,TX,48397,29.96
ROGER MILLS,OK,40129,24.3
ROGERS,OK,40131,54.41
ROLETTE,ND,38079,15.69
ROOKS,KS,20163,31.84
ROOSEVELT,MT,30085,16.36
ROOSEVELT,NM,35041,27.28
ROSCOMMON,MI,26143,73.92
ROSEAU,MN,27135,21.17
ROSEBUD,MT,30087,14.08
ROSS,OH,39141,65.25
ROUTT,CO,08107,28.75
ROWAN,KY,21205,49.74
ROWAN,NC,37159,46.93
RUNNELS,TX,48399,41.6
RUSH,IN,18139,48.07
RUSH,KS,20165,15.22
RUSK,TX,48401,27.94
RUSK,WI,55107,22.84
RUSSELL,AL,01113,54.46
RUSSELL,KS,20167,30.35
RUSSELL,KY,21207,75.94
RUSSELL,VA,51167,84.05
RUTHERFORD,NC,37161,50.92
RUTHERFORD,TN,47149,66.98
RUTLAND,VT,50021,26.27
SABANA GRANDE,PR,,NaN
SABINE,LA,22085,33.66
SABINE,TX,48403,35.01
SAC,IA,19161,9.16
SACRAMENTO,CA,06067,45.43
SAGADAHOC,ME,23023,35.36
SAGINAW,MI,26145,43.12
SAGUACHE,CO,08109,0.1
SAINT BERNARD,LA,22087,71.35
SAINT CHARLES,LA,22089,39.06
SAINT CHARLES,MO,29183,28.69
SAINT CLAIR,AL,01115,39.15
SAINT CLAIR,IL,17163,28.99
SAINT CLAIR,MI,26147,45.2
SAINT CLAIR,MO,29185,20.77
SAINT CROIX,VI,,NaN
SAINT CROIX,WI,55109,19.72
SAINT FRANCIS,AR,05123,25.2
SAINT FRANCOIS,MO,29187,91.31
SAINT HELENA,LA,22091,13.7
SAINT JAMES,LA,22093,20.33
SAINT JOHN,VI,,NaN
SAINT JOHNS,FL,12109,34.43
SAINT JOSEPH,MI,26149,40.15
SAINT LANDRY,LA,22097,57.03
SAINT LAWRENCE,NY,36089,30.71
SAINT LOUIS,MN,27137,39.38
SAINT LOUIS,MO,29189,31.29
SAINT LOUIS CITY,MO,29510,23.64
SAINT LUCIE,FL,12111,34.57
SAINT MARTIN,LA,22099,34.39
SAINT MARY,LA,22101,48.28
SAINT MARYS,MD,24037,34.03
SAINT TAMMANY,LA,22103,59.69
SAINT THOMAS,VI,,NaN
SAINTE GENEVIEVE,MO,29186,15.68
SALEM,NJ,34033,35.63
SALEM,VA,51775,93.95
SALINAS,PR,,NaN
SALINE,AR,05125,41
SALINE,IL,17165,87.68
SALINE,KS,20169,45.61
SALINE,MO,29195,34.29
SALINE,NE,31151,24.4
SALT LAKE,UT,49035,40.18
SALUDA,SC,45081,12.98
SAMPSON,NC,37163,38.46
SAN AUGUSTINE,TX,48405,44.42
SAN BENITO,CA,06069,22.08
SAN BERNARDINO,CA,06071,30.91
SAN DIEGO,CA,06073,28.76
SAN FRANCISCO,CA,06075,23.06
SAN GERMAN,PR,,NaN
SAN JACINTO,TX,48407,19.21
SAN JOAQUIN,CA,06077,39.89
SAN JUAN,CO,08111,0.12
SAN JUAN,NM,35045,25.27
SAN JUAN,PR,,NaN
SAN JUAN,UT,49037,25.18
SAN JUAN,WA,53055,31.78
SAN LORENZO,PR,,NaN
SAN LUIS OBISPO,CA,06079,41.4
SAN MATEO,CA,06081,22.2
SAN MIGUEL,CO,08113,10.45
SAN MIGUEL,NM,35047,44.44
SAN PATRICIO,TX,48409,39.18
SAN SABA,TX,48411,26.27
SAN SEBASTIAN,PR,,NaN
SANDERS,MT,30089,46.33
SANDOVAL,NM,35043,28.13
SANDUSKY,OH,39143,29.56
SANGAMON,IL,17167,35.52
SANILAC,MI,26151,27.12
SANPETE,UT,49039,41.1
SANTA BARBARA,CA,06083,34.25
SANTA CLARA,CA,06085,16.65
SANTA CRUZ,AZ,04023,15.75
SANTA CRUZ,CA,06087,36.2
SANTA FE,NM,35049,44.29
SANTA ISABEL,PR,,NaN
SANTA ROSA,FL,12113,52.18
SARASOTA,FL,12115,49.32
SARATOGA,NY,36091,27.74
SARGENT,ND,38081,9
SARPY,NE,31153,23.83
SAUK,WI,55111,45.9
SAUNDERS,NE,31155,18.01
SAWYER,WI,55113,39.39
SCHENECTADY,NY,36093,25.58
SCHLEICHER,TX,48413,0.01
SCHLEY,GA,13249,13.01
SCHOHARIE,NY,36095,32.11
SCHOOLCRAFT,MI,26153,56.26
SCHUYLER,IL,17169,24.23
SCHUYLER,NY,36097,32.91
SCHUYLKILL,PA,42107,38.04
SCIOTO,OH,39145,68.58
SCOTLAND,MO,29199,31.88
SCOTLAND,NC,37165,73.65
SCOTT,AR,05127,65.95
SCOTT,IA,19163,31.96
SCOTT,IL,17171,2.41
SCOTT,IN,18143,117.08
SCOTT,KS,20171,42.27
SCOTT,KY,21209,46.76
SCOTT,MN,27139,15.55
SCOTT,MO,29201,79.68
SCOTT,MS,28123,32.39
SCOTT,TN,47151,94.04
SCOTT,VA,51169,102.51
SCOTTS BLUFF,NE,31157,37.11
SCREVEN,GA,13251,17.6
SCURRY,TX,48415,32.88
SEARCY,AR,05129,32.73
SEBASTIAN,AR,05131,73.77
SEDGWICK,CO,08115,38
SEDGWICK,KS,20173,48.43
SEMINOLE,FL,12117,43.42
SEMINOLE,GA,13253,53.44
SEMINOLE,OK,40133,56.69
SENECA,NY,36099,27
SENECA,OH,39147,39.84
SEQUATCHIE,TN,47153,106.17
SEQUOYAH,OK,40135,56.22
SEVIER,AR,05133,45.11
SEVIER,TN,47155,59.89
SEVIER,UT,49041,41.22
SEWARD,KS,20175,37.44
SEWARD,NE,31159,20.16
SHACKELFORD,TX,48417,13.12
SHANNON,MO,29203,26.34
SHARKEY,MS,28125,25.91
SHARP,AR,05135,48.76
SHASTA,CA,06089,94.51
SHAWANO,WI,55115,25.81
SHAWNEE,KS,20177,33.79
SHEBOYGAN,WI,55117,28.71
SHELBY,AL,01117,43.03
SHELBY,IA,19165,18.43
SHELBY,IL,17173,12.4
SHELBY,IN,18145,40.98
SHELBY,KY,21211,43.62
SHELBY,MO,29205,21.97
SHELBY,OH,39149,30.76
SHELBY,TN,47157,24.37
SHELBY,TX,48419,45.32
SHENANDOAH,VA,51171,29.08
SHERBURNE,MN,27141,16.53
SHERIDAN,KS,20179,24.62
SHERIDAN,MT,30091,23.46
SHERIDAN,NE,31161,12.61
SHERIDAN,WY,56033,35.92
SHERMAN,KS,20181,65.64
SHERMAN,NE,31163,7.32
SHERMAN,TX,48421,18.43
SHIAWASSEE,MI,26155,44.15
SHOSHONE,ID,16079,75.7
SIBLEY,MN,27143,11.34
SIERRA,CA,06091,30.38
SIERRA,NM,35051,73.84
SILVER BOW,MT,30093,48.36
SIMPSON,KY,21213,72.05
SIMPSON,MS,28127,59.96
SIOUX,IA,19167,10.35
SISKIYOU,CA,06093,65.22
SITKA,AK,02220,27.43
SKAGIT,WA,53057,49.44
SKAGWAY,AK,02230,0.76
SKAMANIA,WA,53059,30.85
SMITH,KS,20183,36.9
SMITH,MS,28129,13.98
SMITH,TN,47159,129.75
SMITH,TX,48423,48.3
SMYTH,VA,51173,66.7
SNOHOMISH,WA,53061,45.54
SNYDER,PA,42109,23.39
SOCORRO,NM,35053,41.1
SOLANO,CA,06095,36.33
SOMERSET,MD,24039,21.59
SOMERSET,ME,23025,52.07
SOMERSET,NJ,34035,15.66
SOMERSET,PA,42111,30.43
SOMERVELL,TX,48425,55.86
SONOMA,CA,06097,39.11
SOUTHAMPTON,VA,51175,0.75
SOUTHEAST FAIRBANKS,AK,02240,11.97
SPALDING,GA,13255,51.74
SPARTANBURG,SC,45083,65.08
SPENCER,IN,18147,37.65
SPENCER,KY,21215,34.33
SPINK,SD,46115,14.3
SPOKANE,WA,53063,53.75
SPOTSYLVANIA,VA,51177,26.19
ST JOHN THE BAPTIST,LA,22095,30.2
ST JOSEPH,IN,18141,34.97
STAFFORD,VA,51179,23.18
STANISLAUS,CA,06099,61.14
STANLEY,SD,46117,14.31
STANLY,NC,37167,52.29
STANTON,KS,20187,31.22
STARK,IL,17175,2.99
STARK,ND,38089,26.99
STARK,OH,39151,45.3
STARKE,IN,18149,75.15
STARR,TX,48427,8.01
STAUNTON CITY,VA,51790,89.56
STEARNS,MN,27145,19.91
STEELE,MN,27147,21.33
STEPHENS,GA,13257,118.77
STEPHENS,OK,40137,84.22
STEPHENS,TX,48429,58.79
STEPHENSON,IL,17177,26.43
STERLING,TX,48431,0.03
STEUBEN,IN,18151,25.89
STEUBEN,NY,36101,31.77
STEVENS,KS,20189,17.92
STEVENS,MN,27149,11.72
STEVENS,WA,53065,60.84
STEWART,GA,13259,24.21
STEWART,TN,47161,30.28
STILLWATER,MT,30095,18.77
STODDARD,MO,29207,63.7
STOKES,NC,37169,41.71
STONE,AR,05137,52.43
STONE,MO,29209,43.98
STONE,MS,28131,73.66
STONEWALL,TX,48433,25.98
STORY,IA,19169,15.79
STRAFFORD,NH,33017,36.52
STUTSMAN,ND,38093,19.69
SUBLETTE,WY,56035,23.07
SUFFOLK,MA,25025,20.7
SUFFOLK,NY,36103,33.17
SUFFOLK CITY,VA,51800,23.51
SULLIVAN,IN,18153,59.13
SULLIVAN,MO,29211,32.9
SULLIVAN,NH,33019,25.76
SULLIVAN,NY,36105,50.32
SULLIVAN,PA,42113,14.68
SULLIVAN,TN,47163,99.29
SUMMERS,WV,54089,47.01
SUMMIT,CO,08117,26.55
SUMMIT,OH,39153,44.23
SUMMIT,UT,49043,28.57
SUMNER,KS,20191,37.14
SUMNER,TN,47165,45.46
SUMTER,AL,01119,20.45
SUMTER,FL,12119,35.68
SUMTER,GA,13261,26.49
SUMTER,SC,45085,24.78
SUNFLOWER,MS,28133,18.41
SURRY,NC,37171,80.54
SURRY,VA,51181,2.72
SUSQUEHANNA,PA,42115,22.82
SUSSEX,DE,10005,62.18
SUSSEX,NJ,34037,26.42
SUSSEX,VA,51183,13.56
SUTTER,CA,06101,69.34
SUTTON,TX,48435,21.8
SUWANNEE,FL,12121,36.45
SWAIN,NC,37173,51.42
SWEET GRASS,MT,30097,18.86
SWEETWATER,WY,56037,30.78
SWIFT,MN,27151,12.9
SWISHER,TX,48437,17.89
SWITZERLAND,IN,18155,26.48
TALBOT,GA,13263,1.68
TALBOT,MD,24041,32.96
TALLADEGA,AL,01121,57.42
TALLAHATCHIE,MS,28135,14.48
TALLAPOOSA,AL,01123,37.09
TAMA,IA,19171,12.54
TANEY,MO,29213,53.36
TANGIPAHOA,LA,22105,55.61
TAOS,NM,35055,44.45
TARRANT,TX,48439,35.7
TATE,MS,28137,36.18
TATTNALL,GA,13267,49.26
TAYLOR,FL,12123,48.89
TAYLOR,GA,13269,39.04
TAYLOR,IA,19173,14.29
TAYLOR,KY,21217,54.24
TAYLOR,TX,48441,46.77
TAYLOR,WI,55119,18.15
TAYLOR,WV,54091,33.98
TAZEWELL,IL,17179,31.93
TAZEWELL,VA,51185,100.75
TEHAMA,CA,06103,67.35
TELFAIR,GA,13271,61.88
TELLER,CO,08119,46.03
TENSAS,LA,22107,15.26
TERREBONNE,LA,22109,40.52
TERRELL,GA,13273,16.19
TERRY,TX,48445,36.87
TETON,ID,16081,22.55
TETON,MT,30099,30.33
TETON,WY,56039,22.7
TEXAS,MO,29215,31.08
TEXAS,OK,40139,40.23
THAYER,NE,31169,23.29
THOMAS,GA,13275,36.32
THOMAS,KS,20193,53.61
THROCKMORTON,TX,48447,0.02
THURSTON,NE,31173,11.16
THURSTON,WA,53067,37.06
TIFT,GA,13277,47.15
TILLAMOOK,OR,41057,73.03
TILLMAN,OK,40141,59.79
TIOGA,NY,36107,20.31
TIOGA,PA,42117,31.39
TIPPAH,MS,28139,43.96
TIPPECANOE,IN,18157,36.03
TIPTON,IN,18159,26.18
TIPTON,TN,47167,31.31
TISHOMINGO,MS,28141,81.66
TITUS,TX,48449,47.67
TOA ALTA,PR,,NaN
TOA BAJA,PR,,NaN
TODD,KY,21219,37.61
TODD,MN,27153,22.97
TOLLAND,CT,09013,19.48
TOM GREEN,TX,48451,53.21
TOMPKINS,NY,36109,26.25
TOOELE,UT,49045,41.13
TOOLE,MT,30101,27
TOOMBS,GA,13279,64.36
TORRANCE,NM,35057,18.44
TOWNER,ND,38095,7.97
TOWNS,GA,13281,44.19
TRAILL,ND,38097,15.77
TRANSYLVANIA,NC,37175,49.05
TRAVERSE,MN,27155,19.21
TRAVIS,TX,48453,25.64
TREGO,KS,20195,42.06
TREMPEALEAU,WI,55121,23.1
TREUTLEN,GA,13283,43.37
TRIGG,KY,21221,50.03
TRIMBLE,KY,21223,19.07
TRINITY,CA,06105,76.16
TRINITY,TX,48455,51.7
TRIPP,SD,46123,35.6
TROUP,GA,13285,35.02
TROUSDALE,TN,47169,109.59
TRUJILLO ALTO,PR,,NaN
TRUMBULL,OH,39155,54.98
TUCKER,WV,54093,17.18
TULARE,CA,06107,37.99
TULSA,OK,40143,66.67
TUNICA,MS,28143,15.89
TUOLUMNE,CA,06109,84.6
TURNER,GA,13287,33.01
TURNER,SD,46125,12.29
TUSCALOOSA,AL,01125,38.02
TUSCARAWAS,OH,39157,38.61
TUSCOLA,MI,26157,29.17
TWIGGS,GA,13289,8.98
TWIN FALLS,ID,16083,51.19
TYLER,TX,48457,29.37
TYLER,WV,54095,34.43
TYRRELL,NC,37177,32.02
UINTA,WY,56041,40.39
UINTAH,UT,49047,28.32
ULSTER,NY,36111,33.93
UMATILLA,OR,41059,43.23
UNICOI,TN,47171,88.13
UNION,AR,05139,50
UNION,FL,12125,26.71
UNION,GA,13291,46.38
UNION,IA,19175,40.69
UNION,IL,17181,52.48
UNION,IN,18161,29.03
UNION,KY,21225,78.68
UNION,LA,22111,20.74
UNION,MS,28145,41.34
UNION,NC,37179,25.29
UNION,NJ,34039,20.09
UNION,NM,35059,17.7
UNION,OH,39159,35.29
UNION,OR,41061,57.81
UNION,PA,42119,19.18
UNION,SC,45087,62.88
UNION,SD,46127,23.74
UNION,TN,47173,65.44
UPSHUR,TX,48459,22.53
UPSHUR,WV,54097,33.36
UPSON,GA,13293,51.25
UPTON,TX,48461,16.08
UTAH,UT,49049,28.22
UTUADO,PR,,NaN
UVALDE,TX,48463,23.13
VAL VERDE,TX,48465,11.99
VALDEZ CORDOVA,AK,02261,26.3
VALENCIA,NM,35061,47.18
VALLEY,ID,16085,46.99
VALLEY,MT,30105,44.81
VALLEY,NE,31175,42.65
VAN BUREN,AR,05141,39.49
VAN BUREN,IA,19177,17.93
VAN BUREN,MI,26159,48.25
VAN BUREN,TN,47175,23.1
VAN WERT,OH,39161,28.77
VAN ZANDT,TX,48467,38.52
VANCE,NC,37181,71.95
VANDERBURGH,IN,18163,72
VEGA ALTA,PR,,NaN
VEGA BAJA,PR,,NaN
VENANGO,PA,42121,34.56
VENTURA,CA,06111,28.04
VERMILION,IL,17183,46.2
VERMILION,LA,22113,32.22
VERMILLION,IN,18165,45.37
VERNON,LA,22115,34.56
VERNON,MO,29217,41.62
VERNON,WI,55123,25.13
VICTORIA,TX,48469,43.83
VIEQUES,PR,,NaN
VIGO,IN,18167,56.75
VILAS,WI,55125,32.07
VILLALBA,PR,,NaN
VINTON,OH,39163,16.69
VIRGINIA BEACH CITY,VA,51810,19.96
VOLUSIA,FL,12127,52.13
WABASH,IL,17185,38.67
WABASH,IN,18169,49.68
WABASHA,MN,27157,11.73
WABAUNSEE,KS,20197,0.02
WADENA,MN,27159,34.24
WAGONER,OK,40145,32.44
WAHKIAKUM,WA,53069,35.84
WAKE,NC,37183,24.25
WAKULLA,FL,12129,31.86
WALDO,ME,23027,36.46
WALKER,AL,01127,140.04
WALKER,GA,13295,39.42
WALKER,TX,48471,26.04
WALLA WALLA,WA,53071,44.72
WALLACE,KS,20199,10.48
WALLER,TX,48473,6.5
WALLOWA,OR,41063,40.88
WALSH,ND,38099,26.56
WALTHALL,MS,28147,44.95
WALTON,FL,12131,60.55
WALTON,GA,13297,46.67
WALWORTH,SD,46129,26.98
WALWORTH,WI,55127,31.02
WAPELLO,IA,19179,37.78
WARD,ND,38101,16.41
WARD,TX,48475,31.87
WARE,GA,13299,87.1
WARREN,GA,13301,15.98
WARREN,IA,19181,25.73
WARREN,IL,17187,19.01
WARREN,IN,18171,0.01
WARREN,KY,21227,47.99
WARREN,MO,29219,28.77
WARREN,MS,28149,43.33
WARREN,NC,37185,11.9
WARREN,NJ,34041,26.89
WARREN,NY,36113,43.87
WARREN,OH,39165,40.27
WARREN,PA,42123,27.02
WARREN,TN,47177,93.23
WARREN,VA,51187,45.85
WARRICK,IN,18173,38.14
WASATCH,UT,49051,32.57
WASCO,OR,41065,75.35
WASECA,MN,27161,14.49
WASHAKIE,WY,56043,54.15
WASHBURN,WI,55129,35.86
WASHINGTON,AL,01129,9.06
WASHINGTON,AR,05143,36.27
WASHINGTON,CO,08121,8.52
WASHINGTON,FL,12133,66
WASHINGTON,GA,13303,30.17
WASHINGTON,IA,19183,17.88
WASHINGTON,ID,16087,39.16
WASHINGTON,IL,17189,16.49
WASHINGTON,IN,18175,51.64
WASHINGTON,KS,20201,14.12
WASHINGTON,KY,21229,23.81
WASHINGTON,LA,22117,58
WASHINGTON,MD,24043,40.51
WASHINGTON,ME,23029,47.51
WASHINGTON,MN,27163,24.98
WASHINGTON,MO,29221,60.13
WASHINGTON,MS,28151,28.44
WASHINGTON,NC,37187,32.21
WASHINGTON,NE,31177,17.09
WASHINGTON,NY,36115,28.65
WASHINGTON,OH,39167,53.83
WASHINGTON,OK,40147,50.58
WASHINGTON,OR,41067,36.58
WASHINGTON,PA,42125,36.21
WASHINGTON,RI,44009,33.6
WASHINGTON,TN,47179,70.86
WASHINGTON,TX,48477,24.54
WASHINGTON,UT,49053,46.97
WASHINGTON,VA,51191,70.71
WASHINGTON,VT,50023,29.87
WASHINGTON,WI,55131,30.43
WASHITA,OK,40149,12.66
WASHOE,NV,32031,46.22
WASHTENAW,MI,26161,26.19
WATAUGA,NC,37189,31.53
WATONWAN,MN,27165,14.81
WAUKESHA,WI,55133,34.33
WAUPACA,WI,55135,30.01
WAUSHARA,WI,55137,14.92
WAYNE,GA,13305,64.46
WAYNE,IA,19185,26.79
WAYNE,IL,17191,33.04
WAYNE,IN,18177,55.6
WAYNE,KY,21231,61.99
WAYNE,MI,26163,46.99
WAYNE,MO,29223,42.03
WAYNE,MS,28153,81.46
WAYNE,NC,37191,35.72
WAYNE,NE,31179,12.51
WAYNE,NY,36117,31.71
WAYNE,OH,39169,25.83
WAYNE,PA,42127,38.09
WAYNE,TN,47181,84.57
WAYNE,UT,49055,41.53
WAYNE,WV,54099,46.23
WAYNESBORO CITY,VA,51820,110.45
WEAKLEY,TN,47183,59.54
WEBB,TX,48479,9.58
WEBER,UT,49057,45.45
WEBSTER,IA,19187,36.12
WEBSTER,KY,21233,58.91
WEBSTER,LA,22119,40.24
WEBSTER,MO,29225,42.47
WEBSTER,MS,28155,49.53
WEBSTER,NE,31181,29.14
WEBSTER,WV,54101,44.78
WELD,CO,08123,29.4
WELLS,IN,18179,27.6
WELLS,ND,38103,18.62
WEST BATON ROUGE,LA,22121,44.38
WEST CARROLL,LA,22123,23.34
WEST FELICIANA,LA,22125,14.29
WESTCHESTER,NY,36119,18.29
WESTMORELAND,PA,42129,39.07
WESTMORELAND,VA,51193,18.6
WESTON,WY,56045,32.65
WETZEL,WV,54103,68.18
WEXFORD,MI,26165,64.75
WHARTON,TX,48481,22.38
WHATCOM,WA,53073,34.24
WHEATLAND,MT,30107,10.65
WHEELER,GA,13309,34.75
WHEELER,OR,41069,0.06
WHEELER,TX,48483,32.41
WHITE,AR,05145,38.53
WHITE,GA,13311,38.52
WHITE,IL,17193,46.96
WHITE,IN,18181,35.19
WHITE,TN,47185,60.63
WHITE PINE,NV,32033,79
WHITESIDE,IL,17195,21.66
WHITFIELD,GA,13313,42.18
WHITLEY,IN,18183,37.56
WHITLEY,KY,21235,187.58
WHITMAN,WA,53075,26.13
WICHITA,KS,20203,18.39
WICHITA,TX,48485,55.91
WICOMICO,MD,24045,44.42
WILBARGER,TX,48487,75.28
WILCOX,AL,01131,11.68
WILCOX,GA,13315,29.59
WILKES,GA,13317,44.53
WILKES,NC,37193,55.51
WILKIN,MN,27167,21.89
WILKINSON,GA,13319,39.49
WILKINSON,MS,28157,37.54
WILL,IL,17197,20.47
WILLACY,TX,48489,17.72
WILLIAMS,ND,38105,24.47
WILLIAMS,OH,39171,23.5
WILLIAMSBURG,SC,45089,25.53
WILLIAMSON,IL,17199,75.77
WILLIAMSON,TN,47187,38.84
WILLIAMSON,TX,48491,32.62
WILSON,KS,20205,35
WILSON,NC,37195,44.46
WILSON,TN,47189,48.07
WILSON,TX,48493,22.87
WINCHESTER CITY,VA,51840,82.52
WINDHAM,CT,09015,31.94
WINDHAM,VT,50025,35.68
WINDSOR,VT,50027,22.35
WINKLER,TX,48495,45.23
WINN,LA,22127,39.56
WINNEBAGO,IA,19189,29.83
WINNEBAGO,IL,17201,38.57
WINNEBAGO,WI,55139,25.61
WINNESHIEK,IA,19191,12.06
WINONA,MN,27169,25.57
WINSTON,AL,01133,84.48
WINSTON,MS,28159,30.51
WIRT,WV,54105,20.07
WISE,TX,48497,34.83
WISE,VA,51195,120.05
WOLFE,KY,21237,92.25
WOOD,OH,39173,33.85
WOOD,TX,48499,55.95
WOOD,WI,55141,33.77
WOOD,WV,54107,65.37
WOODBURY,IA,19193,20.13
WOODFORD,IL,17203,19.6
WOODFORD,KY,21239,32.19
WOODRUFF,AR,05147,57.29
WOODS,OK,40151,46.64
WOODSON,KS,20207,26.05
WOODWARD,OK,40153,40.23
WORCESTER,MA,25027,34.29
WORCESTER,MD,24047,45
WORTH,GA,13321,24.7
WORTH,IA,19195,8.13
WORTH,MO,29227,17.46
WRANGELL,AK,02275,17.14
WRIGHT,IA,19197,31.66
WRIGHT,MN,27171,21.53
WRIGHT,MO,29229,56.04
WYANDOT,OH,39175,20.32
WYANDOTTE,KS,20209,33.66
WYOMING,NY,36121,30.41
WYOMING,PA,42131,37.34
WYOMING,WV,54109,107.12
WYTHE,VA,51197,62.51
YABUCOA,PR,,NaN
YADKIN,NC,37197,35.62
YAKIMA,WA,53077,34.26
YALOBUSHA,MS,28161,17.11
YAMHILL,OR,41071,40.25
YANCEY,NC,37199,58.45
YANKTON,SD,46135,28.97
YATES,NY,36123,21.95
YAUCO,PR,,NaN
YAVAPAI,AZ,04025,48.31
YAZOO,MS,28163,24.01
YELL,AR,05149,42.87
YELLOW MEDICINE,MN,27173,16.15
YELLOWSTONE,MT,30111,38.54
YOAKUM,TX,48501,34.32
YOLO,CA,06113,30.54
YORK,ME,23031,35.5
YORK,NE,31185,33.18
YORK,PA,42133,27.22
YORK,SC,45091,24.97
YORK,VA,51199,16.65
YOUNG,TX,48503,88.37
YUBA,CA,06115,59.29
YUMA,AZ,04027,24.29
YUMA,CO,08125,22.22
ZAPATA,TX,48505,8.28
ZAVALA,TX,48507,17.2
,AE,,NaN
,CA,,NaN
,CT,,NaN
,FL,,NaN
,GA,,NaN
,IA,,NaN
,IN,,NaN
,MA,,NaN
,NV,,NaN
,OH,,NaN
,PR,,NaN
